School Code,School Name,HC_2004,HC_2005,HC_2006,HC_2007,HC_2008,HC_2009,HC_2010,HC_2011,HC_2012,HC_2013,HC_2014,HC_2015,HC_2016,HC_2017,HC_2018,HC_2019,HC_2020,HC_2021,HC_2022,HC_2023,HC_2024,HC_2025
1016,Timbumburi Public School,96,101,114,115,123,118,125,131,124,128,141,131,144,146,159,172,154,147,154,151,156,159
1066,Ashford Central School,194,190,164,179,165,162,158,161,166,162,168,177,168,169,168,148,136,130,148,123,121,119
1084,Awaba Public School,56,54,42,33,37,35,33,27,30,26,25,28,36,35,38,37,40,28,27,26,29,29
1150,Bathurst Public School,340,357,351,352,386,395,429,433,454,471,479,515,577,562,559,564,564,509,477,452,423,424
1166,Beecroft Public School,772,746,753,754,751,738,741,712,698,705,751,802,817,848,863,890,896,893,872,855,850,837
1167,Beelbangera Public School,142,149,156,172,157,159,174,172,167,164,161,169,179,183,188,192,178,167,162,148,149,142
1168,Bega Valley Public School,207,222,214,173,192,197,191,215,343,340,359,337,347,336,321,316,298,303,305,296,302,291
1185,Belmore North Public School,343,338,297,326,338,330,352,360,329,323,347,347,340,320,331,307,277,254,252,265,258,252
1186,Belmore South Public School,337,355,357,348,334,311,299,252,215,222,243,238,247,283,287,287,286,288,283,271,252,230
1252,Blackville Public School,13,14,15,14,15,14,11,10,11,SP,6,7,15,13,11,10,6,6,10,6,8,9
1266,Boambee Public School,341,347,341,335,288,286,283,287,316,327,353,390,428,442,430,429,440,402,382,349,385,383
1269,Bobin Public School,20,25,21,21,23,19,11,10,8,8,9,12,13,16,18,17,14,11,15,9,12,13
1320,Boronia Park Public School,387,391,401,379,390,393,376,359,390,413,435,453,488,515,521,541,546,531,506,478,461,409
1335,Bowral Public School,575,548,524,524,530,538,546,536,533,547,542,578,603,601,591,582,560,531,519,453,459,484
1350,Brewarrina Central School,208,208,214,208,194,181,169,193,170,183,163,160,146,145,162,141,165,145,138,117,124,122
1369,Broken Hill Public School,171,193,208,222,234,245,232,246,237,234,193,210,186,173,164,155,158,168,170,157,170,162
1402,Bulahdelah Central School,585,554,508,512,517,531,517,512,494,482,428,395,407,382,400,424,409,384,359,323,285,289
1486,Campbelltown Public School,263,269,293,284,299,312,309,317,316,305,319,313,322,317,327,351,318,296,298,310,278,284
1517,Carrathool Public School,7,12,12,9,9,12,12,15,11,11,9,16,7,8,10,7,7,9,,,,
1535,Cattai Public School,53,55,58,62,65,54,56,59,58,53,53,53,58,51,52,53,64,63,62,64,56,57
1553,Chatsworth Island Public School,84,79,92,95,91,98,103,99,93,84,64,58,64,56,48,54,52,59,66,66,67,83
1601,Comboyne Public School,29,29,30,27,26,25,25,24,25,27,28,33,28,27,30,31,35,27,30,28,32,36
1621,Coolah Central School,231,202,235,219,206,220,208,216,233,227,229,227,252,234,223,228,204,212,187,183,167,148
1735,Darlington Public School,177,195,196,219,214,238,249,246,236,244,244,238,228,234,228,206,163,136,137,136,146,147
1788,Dundurrabin Public School,30,32,32,29,24,17,17,18,27,19,14,19,24,23,24,27,21,22,19,15,14,12
1801,Duranbah Public School,27,33,36,48,37,35,32,25,32,34,30,26,25,41,52,57,60,58,65,65,64,56
1802,Duri Public School,56,51,43,34,36,29,26,28,30,27,32,40,41,39,36,37,36,34,31,33,47,42
1853,Eraring Public School,26,31,38,39,39,36,31,35,37,30,8,,,,,,,,,,,
1869,Euchareena Public School,27,26,16,14,17,19,20,16,11,6,10,SP,SP,SP,SP,SP,SP,,,,,
1870,Eugowra Public School,38,45,31,31,25,28,29,29,29,37,36,39,35,29,34,27,26,25,29,28,30,32
1885,Euston Public School,120,98,91,77,67,76,87,90,87,85,86,92,83,82,79,85,90,89,107,102,104,105
1920,Five Dock Public School,242,252,289,300,334,342,326,320,318,347,366,409,411,408,402,392,371,364,353,354,332,314
1921,Lord Howe Island Central School,38,34,41,29,32,31,24,23,24,18,24,34,30,35,40,42,39,37,41,40,42,35
1936,Forster Public School,758,716,715,711,740,749,735,731,714,690,717,757,761,765,733,704,746,688,672,648,604,573
1952,Galston Public School,184,166,157,162,166,184,204,224,229,244,240,252,264,264,264,250,232,218,197,173,158,147
1971,Gerringong Public School,394,391,363,377,368,382,385,408,398,433,411,404,418,451,453,446,439,413,397,382,388,378
1002,Aberdeen Public School,212,209,213,190,195,176,195,201,201,196,202,220,241,227,201,194,191,182,166,174,162,151
1019,Albury West Public School,182,174,174,160,158,148,141,134,126,126,126,104,118,143,149,141,156,153,166,160,154,165
1134,Bargo Public School,310,283,302,303,314,342,336,366,366,345,358,362,359,349,326,287,279,266,244,267,256,268
1135,Barham Public School,174,174,185,190,171,169,178,176,165,145,147,135,147,147,132,122,130,118,136,158,157,162
1219,Bibbenluke Public School,9,20,16,13,17,15,11,16,13,11,13,,,,,,,,,,,
1234,Bingara Central School,227,225,227,213,212,229,210,225,205,203,193,199,198,189,183,170,172,190,180,177,160,175
1302,Boolaroo Public School,78,60,55,50,46,37,42,50,52,43,38,43,52,57,59,64,68,71,67,80,85,99
1367,Broke Public School,36,34,33,32,49,49,56,55,60,59,67,57,74,81,78,62,59,51,39,29,22,30
1387,Brungle Public School,22,26,28,27,19,30,27,21,20,13,9,7,11,11,12,13,13,12,10,12,16,16
1470,Byron Bay Public School,534,527,551,569,558,578,599,620,647,656,657,661,667,664,641,651,664,629,554,507,494,461
1501,Capertee Public School,12,18,15,11,15,10,12,10,7,7,10,11,14,14,7,SP,SP,7,8,8,6,SP
1502,Captains Flat Public School,45,38,31,29,27,39,36,32,39,39,40,41,40,39,50,42,50,43,43,43,25,26
1518,Carrington Public School,62,54,60,80,60,52,87,80,81,84,84,86,99,107,106,112,120,123,135,134,124,110
1551,Pacific Palms Public School,227,243,239,212,203,224,239,256,261,270,303,302,324,328,313,308,287,273,270,245,236,247
1584,Coffs Harbour Public School,330,314,307,322,305,296,328,331,321,342,392,403,428,433,459,461,472,499,497,497,514,474
1587,Coledale Public School,92,85,78,72,79,76,88,87,116,120,135,139,141,138,149,148,155,138,130,128,139,135
1619,Coolabah Public School,SP,,,,,,,,,,,,,,,,,,,,,
1636,Cootamundra Public School,305,294,271,241,232,221,237,238,246,273,290,284,298,298,304,302,297,271,246,220,209,214
1668,Cowan Public School,64,67,71,79,77,78,64,65,54,60,54,53,54,50,50,43,45,44,36,36,26,24
1670,Cowper Public School,34,27,29,20,15,18,25,25,30,26,31,28,37,40,35,21,13,11,7,9,11,17
1685,Crossmaglen Public School,9,10,14,13,18,18,25,24,16,15,13,11,20,11,10,21,32,48,49,43,47,45
1736,Darlington Point Public School,109,94,96,88,96,93,86,105,111,108,101,105,97,84,78,59,67,72,77,87,82,88
1768,Double Bay Public School,287,323,320,334,313,335,345,357,369,355,394,368,351,331,325,341,313,285,272,254,239,237
1769,Doubtful Creek Public School,15,8,7,12,12,16,14,6,9,9,8,12,11,16,13,13,12,,,,,
1835,Eltham Public School,80,83,78,69,47,41,38,41,54,57,59,70,65,54,52,49,62,58,56,59,61,59
1851,Epping West Public School,615,606,617,637,640,617,628,659,688,790,854,957,1041,1127,1222,1290,1313,1290,1260,1191,1096,994
1886,Evans River Community School,569,535,549,531,512,505,506,466,469,500,499,506,494,490,486,498,505,535,518,530,539,531
1904,Fassifern Public School,81,76,68,70,57,59,59,56,55,59,50,49,54,63,62,61,63,67,62,68,57,59
1954,Ganmain Public School,33,35,31,35,39,41,34,39,36,38,40,36,30,27,24,28,30,31,31,27,27,25
2003,Glenhaven Public School,316,300,318,333,344,389,421,425,423,425,420,422,419,437,441,438,417,395,357,329,273,240
2020,Glen William Public School,33,30,37,34,34,35,35,34,23,19,28,21,23,24,27,26,37,32,29,30,33,27
2035,Goolgowi Public School,87,87,82,76,76,81,70,71,62,59,60,55,47,45,38,37,35,33,31,41,37,38
2053,Goulburn Public School,115,133,137,143,177,167,173,153,162,160,168,164,170,158,160,156,167,166,166,179,171,181
2070,Greenethorpe Public School,34,28,24,22,21,26,25,33,21,18,18,25,17,11,12,13,14,12,14,15,6,SP
2071,Green Hill Public School,23,21,23,31,46,55,50,49,38,33,30,21,23,22,28,29,27,24,25,21,18,19
2086,Greystanes Public School,350,361,409,424,480,501,524,578,644,725,741,758,730,753,755,746,696,672,628,589,552,540
1015,Albion Park Public School,654,651,625,617,583,536,525,486,441,431,425,425,435,429,469,487,469,476,467,490,523,516
1040,Anna Bay Public School,441,422,428,442,453,455,445,403,375,360,348,312,297,302,329,346,368,372,343,337,316,309
1070,Asquith Public School,302,311,284,290,282,279,271,291,308,330,337,353,374,410,419,452,455,425,402,405,418,384
1104,Seaforth Public School,314,337,342,370,376,405,427,465,488,530,550,554,566,551,529,520,510,459,446,424,414,394
1115,Balranald Central School,311,250,248,245,177,165,148,150,138,147,140,154,152,158,147,148,154,158,175,185,197,179
1131,Barellan Central School,157,148,149,127,125,135,131,124,124,124,104,114,119,125,108,100,91,80,82,74,65,54
1140,Barraba Central School,247,225,218,225,206,209,202,197,184,174,187,180,190,174,174,173,171,162,164,161,157,161
1165,Beechwood Public School,156,141,137,130,137,132,133,138,141,146,127,118,128,139,160,168,166,178,178,178,196,184
1231,Binda Public School,11,12,6,SP,8,7,6,9,15,13,11,11,11,15,10,8,10,8,12,17,11,11
1249,Black Mountain Public School,28,24,32,31,37,31,33,34,31,29,23,30,32,27,29,22,21,22,18,22,22,20
1297,Bonville Public School,128,127,105,109,116,123,105,102,96,93,106,120,140,139,125,126,117,121,128,121,124,121
1347,Bredbo Public School,31,30,24,32,24,28,20,25,28,21,18,13,12,6,6,13,11,14,11,8,11,15
1363,Brocklesby Public School,28,25,25,20,21,25,25,26,30,29,29,23,17,12,10,10,12,13,11,14,22,21
1429,Burcher Public School,13,15,SP,10,SP,,,,,,,,,,,,,,,,,
1447,Burren Junction Public School,42,45,45,40,45,42,53,47,45,51,59,53,54,49,44,39,36,36,35,38,36,36
1449,Burringbar Public School,154,130,126,115,117,112,100,97,86,62,65,66,64,67,57,55,57,61,84,86,91,93
1472,Cabramatta Public School,641,640,664,694,706,706,729,777,796,751,748,734,727,725,713,685,657,580,521,516,470,435
1506,Cargo Public School,26,24,18,19,18,25,18,19,18,14,11,15,19,22,26,29,29,26,26,14,12,12
1513,Carlton South Public School,532,521,553,533,549,527,530,525,534,556,579,596,606,610,647,645,648,640,613,586,538,514
1547,Chandler Public School,29,30,29,29,24,21,12,7,8,10,15,19,22,16,15,6,7,8,10,10,8,SP
1558,Chillingham Public School,57,52,38,39,41,35,41,40,35,34,39,39,40,32,31,34,31,36,35,35,33,35
1590,Collector Public School,20,25,23,22,24,27,27,27,28,29,32,35,28,30,29,30,35,31,27,30,23,25
1608,Concord West Public School,203,234,252,280,290,320,363,400,434,448,486,458,389,380,358,348,351,337,353,360,406,414
1613,Connells Point Public School,471,474,503,488,496,489,490,528,533,527,517,517,515,544,549,552,535,504,477,485,458,429
1615,Cooerwull Public School,525,486,430,387,377,358,335,322,290,276,302,300,328,355,405,423,407,383,383,334,296,258
1656,Corndale Public School,38,39,25,27,23,26,21,16,20,19,21,21,19,22,22,21,22,22,17,19,23,23
1658,Corowa Public School,415,410,387,371,362,359,325,285,261,256,266,274,253,260,224,226,222,212,197,179,161,162
1690,Crystal Creek Public School,96,109,98,76,74,69,75,85,81,61,65,69,90,86,81,82,70,70,71,75,84,80
1717,Currawarna Public School,SP,,,,,,,,,,,,,,,,,,,,,
1740,Leeville Public School,90,91,84,70,65,63,71,53,55,52,50,50,44,54,59,65,71,61,58,52,49,48
1742,Deepwater Public School,56,48,50,50,29,33,29,34,31,33,18,13,16,13,12,19,28,31,19,16,22,17
1772,Drinane Public School,7,9,6,SP,,,,,,,,,,,,,,,,,,
1808,Eastern Creek Public School,227,233,230,244,243,243,258,286,274,289,273,273,298,301,295,299,315,292,278,263,255,246
1822,Congewai Public School,17,14,10,12,8,6,9,12,17,20,15,8,13,20,16,16,12,9,9,11,10,11
1824,Elands Public School,32,24,23,12,10,12,19,11,12,14,19,17,18,13,12,15,12,16,17,14,15,15
1840,Empire Vale Public School,61,55,60,53,56,56,64,55,50,41,41,41,36,36,30,25,25,24,26,22,21,18
1856,Erina Heights Public School,336,324,306,318,318,326,328,332,345,340,345,338,339,341,333,317,296,283,271,249,270,254
1972,Geurie Public School,31,32,31,32,31,36,35,40,36,34,32,36,42,41,36,32,21,27,24,26,28,33
1986,Girilambone Public School,7,9,9,16,16,12,12,13,16,15,10,8,11,7,10,10,13,17,17,17,16,14
1988,Girraween Public School,436,458,488,517,554,591,652,706,756,829,902,987,1044,1162,1249,1273,1294,1326,1229,1223,1132,1072
2005,Glen Innes Public School,528,512,501,450,443,448,443,443,452,456,419,397,373,374,383,395,378,398,412,389,361,339
2021,Glossodia Public School,302,271,261,229,222,199,213,201,213,197,208,218,238,232,219,205,203,202,174,182,188,184
2036,Goolma Public School,28,23,9,7,8,11,7,6,SP,SP,6,8,9,9,12,6,7,11,7,7,8,SP
2054,Goulburn East Public School,117,112,103,80,84,80,87,86,98,111,138,136,151,165,172,164,155,147,141,139,146,148
2055,Goulburn North Public School,292,277,267,278,269,261,266,262,267,252,264,311,306,315,300,280,264,259,229,228,209,188
2104,Gundaroo Public School,76,83,81,82,79,78,82,80,85,93,82,87,98,105,105,114,118,126,123,119,127,140
2139,Harrington Public School,68,66,84,84,84,97,82,102,114,101,105,107,103,108,105,109,115,116,129,105,99,83
2153,Helensburgh Public School,472,468,437,451,474,474,462,473,477,476,477,450,472,476,475,438,442,449,445,455,472,460
2186,Howlong Public School,172,190,186,177,171,163,161,162,163,178,190,207,198,197,188,194,208,203,186,176,166,151
2203,Illabo Public School,24,21,31,24,22,17,20,26,27,25,28,26,32,28,30,37,30,27,25,17,13,12
2256,Kangaroo Valley Public School,99,91,82,85,90,107,105,109,97,97,96,97,81,80,78,74,76,80,77,84,82,83
2286,Kentucky Public School,34,44,45,42,46,38,38,28,34,43,53,52,49,41,41,45,36,31,23,31,29,28
2303,Kinchela Public School,49,53,49,34,35,40,30,22,27,30,41,32,26,28,27,27,19,14,7,13,16,27
2354,Laggan Public School,52,61,59,43,30,24,20,23,21,22,31,32,17,7,SP,SP,6,9,11,12,14,14
2370,Lansdowne Public School,103,100,87,74,59,61,59,66,76,82,75,61,47,38,42,38,34,35,34,26,38,38
2372,Upper Lansdowne Public School,20,28,24,18,17,16,22,22,15,24,26,24,26,30,17,13,12,9,11,15,12,13
2373,La Perouse Public School,63,52,54,45,45,43,50,45,49,50,43,46,30,25,34,54,70,85,91,99,100,111
2403,Lindfield Public School,636,638,662,649,660,678,706,718,739,713,725,723,771,773,837,822,878,801,749,691,635,584
2439,Macdonald Valley Public School,7,9,8,SP,10,9,8,8,6,SP,7,9,9,12,15,17,14,16,10,9,8,13
2506,Mayfield East Public School,254,226,222,191,198,208,206,224,241,257,266,270,260,243,265,254,259,283,288,313,323,343
2522,Mendooran Central School,112,115,135,137,128,115,119,113,102,100,104,115,138,139,135,127,124,122,109,110,100,91
2571,Minmi Public School,110,110,120,116,123,114,105,117,119,110,110,116,109,102,111,113,123,130,138,140,132,133
2590,Molong Central School,409,441,442,432,485,492,480,506,477,479,483,464,482,472,508,511,482,466,446,429,411,394
2640,Mount Hunter Public School,60,55,52,49,55,41,45,42,35,37,46,47,41,30,36,38,38,28,38,30,31,32
2656,Mudgee Public School,531,511,482,476,470,444,481,503,515,523,565,588,618,686,693,677,670,647,623,602,558,539
2723,Tomaree Public School,424,424,387,392,375,349,369,375,452,468,465,415,399,359,352,357,352,335,339,342,338,310
2738,New Lambton Public School,580,574,598,578,581,584,585,600,603,592,610,623,592,601,646,680,686,665,604,565,547,538
2740,Newport Public School,731,770,784,753,767,798,762,755,733,775,808,841,825,833,799,775,722,661,629,599,573,556
2841,Wooli Public School,33,40,46,47,42,49,44,39,32,39,43,56,48,56,58,59,38,38,40,31,32,29
2855,Pelaw Main Public School,153,158,177,162,164,167,193,203,200,219,232,227,247,249,225,195,193,165,151,137,117,115
2890,The Pocket Public School,36,47,54,50,60,86,83,69,60,55,51,49,58,60,59,79,92,93,108,111,116,111
2973,Rockdale Public School,363,382,421,459,476,476,493,456,449,465,428,413,408,428,429,432,394,372,363,356,341,321
2974,Rockley Public School,21,24,16,20,15,9,12,16,7,10,7,SP,14,21,24,15,12,8,13,10,12,13
1045,Appin Public School,193,203,203,189,192,185,200,198,199,210,219,233,271,294,319,323,340,355,342,328,335,337
1081,Avoca Public School,38,36,29,33,23,18,27,33,38,35,34,25,21,16,14,11,SP,11,9,7,7,
1129,Banora Point Public School,562,555,540,532,510,511,539,538,574,601,617,630,621,635,607,606,574,536,506,467,411,390
1181,Bellingen Public School,307,278,304,309,296,304,303,333,345,370,367,399,395,383,383,397,378,350,315,273,256,219
1199,Berala Public School,961,1031,1109,1135,1088,1074,1024,964,882,842,803,823,852,869,852,826,774,725,730,704,697,656
1204,Bermagui Public School,209,213,204,177,168,165,163,171,149,165,164,164,169,168,164,171,170,162,172,169,168,165
1240,Birchgrove Public School,275,288,291,318,309,328,344,339,358,327,346,364,356,357,380,371,389,338,302,274,246,214
1254,Blakebrook Public School,58,62,63,66,73,87,110,114,95,92,99,95,94,90,76,66,64,61,51,54,48,36
1256,Blandford Public School,36,35,31,36,40,33,44,41,42,42,41,43,41,39,35,25,21,15,10,10,11,10
1272,Bodalla Public School,183,190,174,165,152,141,140,141,119,96,89,89,89,78,74,71,65,62,64,73,76,65
1290,Bonalbo Central School,177,186,169,144,174,152,151,166,161,160,147,129,145,129,131,127,125,110,96,70,84,84
1313,Boorowa Central School,261,256,244,214,221,220,244,258,246,269,249,239,235,216,205,181,178,208,224,257,269,240
1354,Bribbaree Public School,28,26,29,21,32,31,30,27,23,16,14,13,12,12,15,10,8,8,7,10,6,8
1372,Bronte Public School,346,363,381,406,407,413,402,377,372,369,374,397,430,418,422,388,374,335,308,278,262,257
1415,Bundarra Central School,119,126,140,156,171,154,148,134,160,145,169,160,142,109,114,99,92,94,84,96,98,99
1424,Bungwahl Public School,31,41,41,40,44,36,36,36,41,37,38,35,41,37,32,36,38,36,36,35,42,36
1481,Cambewarra Public School,212,212,237,270,291,304,305,304,318,316,318,298,307,308,300,266,248,251,239,228,219,216
1483,Camdenville Public School,220,209,192,170,184,188,182,182,194,178,198,225,256,263,308,344,365,361,321,314,316,310
1488,Campsie Public School,529,548,557,614,643,676,695,691,705,721,737,759,760,784,747,700,659,655,621,598,573,515
1490,Candelo Public School,94,92,91,91,98,91,93,85,81,71,56,65,65,58,70,69,82,92,98,77,84,84
1508,Caringbah Public School,215,233,235,250,278,288,286,295,293,312,298,291,258,268,252,274,316,323,338,373,377,394
1515,Carool Public School,37,38,38,40,34,38,34,36,33,29,24,27,14,17,17,17,16,20,12,SP,,
1574,Clunes Public School,124,125,115,133,113,114,120,116,110,102,95,84,87,85,82,74,69,72,64,61,80,86
1583,Coffee Camp Public School,62,54,50,59,63,66,78,87,92,79,79,71,63,60,52,35,30,31,30,24,25,25
1624,Coolamon Central School,341,319,313,343,325,305,294,260,249,281,305,283,322,312,306,304,320,314,340,368,392,383
1631,Coonamble Public School,284,249,245,222,214,223,241,211,201,227,215,196,193,194,189,183,195,194,211,217,213,186
1688,Buronga Public School,77,90,91,94,74,84,79,79,96,80,84,88,95,111,118,107,90,86,80,88,72,80
1708,Cundletown Public School,293,288,250,259,260,269,268,255,254,256,277,293,311,320,337,337,332,325,308,308,274,265
1747,Delungra Public School,41,31,29,25,23,31,27,26,26,27,36,33,32,26,32,34,26,28,23,27,26,18
1874,Eungai Public School,61,70,73,80,80,75,63,69,67,64,58,62,52,47,42,51,64,55,41,43,54,57
1990,Gladesville Public School,311,330,352,360,377,384,391,420,449,469,520,507,519,520,532,537,515,471,458,395,352,305
2015,Glenquarry Public School,45,45,36,42,39,38,34,36,19,21,23,24,27,28,31,28,24,12,17,26,24,23
2033,Goodooga Central School,75,71,60,50,54,49,51,56,47,44,35,31,37,43,29,41,37,31,35,32,33,28
2049,Gosford Public School,550,541,539,531,528,534,537,536,538,514,522,542,525,538,517,518,544,518,512,515,532,545
2076,Greenwich Public School,321,319,338,347,355,372,415,401,433,488,484,496,495,483,490,487,466,478,470,454,428,367
2083,Gresford Public School,82,81,80,87,90,71,63,51,56,70,72,77,85,79,83,83,86,81,75,77,62,53
1003,Abermain Public School,203,231,231,239,230,231,223,206,210,219,199,228,264,264,300,279,270,273,265,263,256,257
1048,Arcadia Public School,128,139,139,130,124,118,109,102,91,93,93,71,72,80,85,89,86,77,77,71,69,60
1057,Armidale City Public School,420,398,377,378,375,394,391,420,410,410,420,424,446,433,434,418,453,392,379,369,368,349
1064,Ashbury Public School,363,356,347,348,325,307,338,375,376,367,379,374,381,367,374,370,384,380,377,368,350,356
1071,Attunga Public School,52,42,31,38,33,43,42,35,30,27,29,25,37,34,35,33,28,31,35,34,39,39
1112,Ballina Public School,374,354,325,312,307,314,287,276,283,257,283,242,246,242,256,280,273,277,266,244,245,254
1198,Ben Venue Public School,630,602,577,574,586,553,543,557,592,608,614,607,565,547,581,563,567,515,523,523,523,509
1205,Berowra Public School,389,390,411,406,379,385,396,375,380,393,415,399,395,403,407,419,385,367,344,300,275,272
1230,Binalong Public School,23,22,23,21,27,32,28,25,31,32,31,23,30,27,32,36,34,36,40,38,34,38
1257,Blaxcell Street Public School,744,717,737,781,830,855,845,890,855,818,837,812,810,794,799,819,907,932,945,939,940,948
1271,Bobs Farm Public School,36,38,32,21,36,34,43,32,29,31,31,26,31,36,40,37,31,30,33,33,36,30
1389,Brunswick Heads Public School,227,190,198,201,172,165,179,179,174,175,158,147,148,178,200,231,230,227,236,227,228,222
1421,Bungendore Public School,442,452,462,461,488,498,505,465,455,468,472,485,489,494,499,507,510,501,489,484,487,444
1432,Burke Ward Public School,402,366,366,373,356,332,323,335,325,333,330,339,321,303,287,263,228,204,192,191,188,200
1482,Camden Public School,356,328,304,309,295,307,301,293,309,309,292,290,295,303,311,304,318,313,323,310,307,313
1498,Brisbania Public School,451,439,439,423,387,392,397,400,407,409,420,435,458,470,475,445,437,422,398,386,370,358
1507,Carinda Public School,14,12,14,14,16,21,21,25,21,17,22,18,17,16,14,13,10,12,11,10,13,18
1605,Como Public School,55,70,73,69,71,63,56,55,64,72,81,89,101,99,104,93,104,101,109,112,104,103
1607,Concord Public School,215,208,217,236,230,225,229,234,251,255,261,265,275,281,262,274,302,302,286,301,293,276
1625,Shoalhaven Heads Public School,203,210,200,178,153,147,152,153,160,165,172,198,189,194,191,177,177,187,182,174,173,180
1666,Coutts Crossing Public School,130,124,124,108,99,85,80,75,55,62,74,73,87,82,70,72,87,94,97,83,74,66
1700,Cullen Bullen Public School,17,14,21,29,29,27,30,31,19,28,22,26,27,30,27,21,15,14,13,10,11,8
1732,Dareton Public School,120,126,130,124,102,80,79,60,64,55,62,66,58,66,53,55,61,62,60,58,60,54
1775,Dubbo Public School,335,336,364,362,380,387,408,397,438,459,477,500,504,514,541,539,521,514,550,540,523,520
1791,Dungay Public School,62,81,82,79,61,63,63,49,57,60,56,53,53,61,73,88,82,85,76,77,82,74
1807,Earlwood Public School,600,591,585,548,584,596,585,628,629,640,662,662,637,664,656,656,650,633,638,646,620,600
1809,Panania Public School,395,396,374,402,413,427,443,457,452,472,448,451,466,480,462,466,470,451,435,415,374,368
1814,Ebor Public School,SP,SP,6,8,8,9,8,SP,SP,11,9,8,10,8,6,15,14,11,11,12,11,7
1816,Eden Public School,298,295,266,268,284,275,271,279,278,283,259,271,271,267,290,279,250,237,256,253,268,256
1823,Eglinton Public School,309,325,356,378,395,410,418,457,484,474,480,475,479,480,475,465,470,448,416,423,426,406
1839,Empire Bay Public School,387,383,395,399,441,435,457,460,468,457,464,454,455,444,457,447,477,480,466,469,447,426
1841,Emu Plains Public School,375,364,371,371,376,372,364,370,395,428,445,440,475,477,469,463,433,430,425,423,413,406
1850,Epping Public School,351,362,371,360,367,343,328,322,372,381,376,404,427,459,549,631,697,759,858,865,814,790
1973,Ghinni Ghinni Public School,11,13,9,SP,SP,,,,,,,,,,,,,,,,,
2016,Glenreagh Public School,84,99,94,93,89,88,79,89,87,80,84,60,59,66,62,61,60,61,66,75,81,72
2041,Goonellabah Public School,289,273,259,248,254,230,223,217,226,234,258,267,269,266,284,289,266,240,196,203,219,226
1007,Adaminaby Public School,27,35,37,29,28,27,31,24,19,18,18,20,17,18,19,19,19,14,12,11,13,15
1041,Annandale Public School,163,175,175,206,231,249,284,307,338,360,365,377,372,392,400,402,410,409,397,408,377,363
1091,Badgerys Creek Public School,33,32,38,37,35,41,42,35,24,23,12,,,,,,,,,,,
1143,Barrington Public School,56,54,61,61,60,63,61,67,73,66,70,71,58,57,61,47,43,51,48,53,40,52
1177,Bellbird Public School,314,295,284,271,252,239,229,241,253,272,273,258,265,240,237,251,244,247,267,277,300,355
1208,Berrilee Public School,SP,SP,,,,,,,,,,,,,,,,,,,,
1258,Blaxland Public School,154,162,156,167,169,173,174,179,172,182,165,159,141,128,113,130,119,130,138,151,151,137
1261,Blighty Public School,26,26,27,27,29,28,27,32,30,32,32,32,30,39,43,37,37,31,19,16,14,19
1293,Bongongo Public School,14,16,11,9,9,12,16,11,16,22,13,15,13,15,15,14,15,12,14,17,11,9
1361,Broadwater Public School,37,33,34,42,44,37,36,35,36,37,38,45,44,52,51,51,54,53,55,51,44,47
1377,Brooklyn Public School,83,71,81,77,77,79,85,96,99,106,109,105,84,81,82,75,67,66,63,67,74,79
1445,Burrawang Public School,26,28,28,33,34,30,38,35,33,41,44,29,31,27,29,35,34,38,35,29,27,30
1460,Buxton Public School,202,200,202,205,205,209,194,186,176,182,188,180,164,167,174,173,163,155,141,149,144,163
1492,Caniaba Public School,55,61,60,78,81,75,67,60,60,74,76,86,76,76,57,47,41,35,38,34,25,29
1512,Carlton Public School,812,887,931,940,955,947,909,916,869,881,877,899,870,856,841,836,826,776,711,680,629,599
1526,Casino Public School,607,561,555,582,621,589,552,519,525,546,610,659,685,716,707,678,663,621,589,523,463,428
1543,Cessnock East Public School,205,188,195,186,183,184,178,200,207,216,227,208,229,218,217,249,238,246,230,232,221,215
1545,Cessnock West Public School,416,408,388,378,371,350,349,360,360,357,369,371,393,410,405,396,385,385,379,387,385,399
1612,Coniston Public School,175,178,171,210,216,220,236,237,229,226,211,222,208,179,185,201,198,198,199,195,189,181
1628,Cooma Public School,236,241,230,229,218,194,195,176,165,188,221,250,251,265,259,251,231,229,215,208,201,238
1695,Cudal Public School,59,59,60,55,57,55,54,54,67,68,73,60,67,77,81,75,73,65,72,68,63,48
1712,Curlewis Public School,74,91,83,70,55,44,49,50,36,41,37,38,37,45,49,48,56,56,77,92,86,77
1778,Dudley Public School,212,209,222,222,213,203,234,245,247,272,257,266,262,268,282,262,254,272,272,273,248,245
1811,Dubbo South Public School,820,767,769,733,705,700,662,651,682,668,721,698,672,676,667,660,659,606,554,561,545,570
1826,Ellalong Public School,94,94,104,112,108,108,118,114,104,107,104,116,118,132,127,123,125,118,108,109,115,114
1827,Ellangowan Public School,34,26,26,29,29,33,26,15,9,12,SP,,,,,,,,,,,
1845,Engadine Public School,314,291,261,267,265,260,272,258,256,269,299,312,332,356,364,379,385,385,378,399,406,411
1944,Freemans Reach Public School,257,249,240,244,223,220,218,206,189,200,190,183,189,186,182,178,175,159,175,170,176,194
1946,Frenchs Forest Public School,253,242,267,250,234,234,240,241,268,304,320,310,298,294,269,261,234,223,225,230,220,218
2060,Grafton Public School,745,699,699,717,733,714,687,673,678,677,643,664,681,693,670,617,559,548,539,524,509,476
2061,South Grafton Public School,652,625,632,576,597,629,574,576,577,560,593,613,596,592,595,630,606,571,600,576,560,564
2145,Hay Public School,391,346,356,328,293,273,242,212,202,215,208,202,197,203,182,178,180,209,201,210,217,216
2164,Hillside Public School,66,70,58,52,56,59,53,51,59,55,53,48,28,22,18,18,19,26,31,36,26,25
2177,Telarah Public School,525,562,581,534,521,512,470,472,462,445,419,425,438,442,421,419,418,429,433,461,496,519
2197,Hurstville Public School,1084,1082,1113,1107,1089,1077,1030,1018,1072,1103,1137,1180,1230,1250,1271,1234,1222,1168,1150,1118,1092,1048
2214,Fernleigh Public School,35,42,35,37,37,31,23,20,20,24,15,25,19,28,23,37,39,19,18,24,29,33
2228,Crestview Public School,11,,,,,,,,,,,,,,,,,,,,,
1001,Abbotsford Public School,298,313,306,307,315,328,335,395,463,509,561,589,602,627,607,567,531,509,474,420,394,368
1017,Albury Public School,653,608,615,591,591,615,628,614,614,587,584,593,612,571,591,630,633,608,607,612,631,637
1035,Ando Public School,13,18,12,11,10,10,11,6,,,,,,,,,,,,,,
1051,Ardlethan Central School,160,181,162,190,100,86,89,100,108,98,95,87,83,66,56,51,47,56,74,59,58,66
1085,Colo Vale Public School,272,263,264,252,264,272,258,258,244,239,243,237,230,219,203,183,183,169,170,168,160,144
1086,Baan Baa Public School,9,SP,,,,,,,,,,,,,,,,,,,,
1118,Bangalow Public School,246,278,274,263,267,202,187,197,213,249,274,281,291,288,293,282,242,250,250,259,280,295
1136,Barkers Vale Public School,84,76,66,64,59,56,57,61,72,73,70,59,51,56,48,42,34,27,32,36,38,42
1149,Batemans Bay Public School,468,485,509,487,479,482,470,481,483,518,511,567,569,587,581,570,554,536,524,492,483,494
1152,Batlow Central School,211,210,198,199,197,179,158,151,165,159,151,134,109,117,114,123,130,117,121,115,104,103
1183,Belmont Public School,351,356,335,325,304,302,291,282,297,264,258,265,268,307,315,333,328,295,296,284,255,257
1201,Beresfield Public School,351,367,341,329,334,346,332,322,320,312,302,297,290,278,289,308,302,287,299,291,287,262
1202,Berkeley Public School,388,365,364,333,327,320,303,277,270,294,297,323,335,334,341,348,324,313,315,292,293,259
1203,Berkeley Vale Public School,806,789,752,721,717,721,732,734,744,781,782,801,775,752,717,699,678,629,596,568,540,524
1217,Bexhill Public School,95,106,111,109,132,132,112,118,102,100,105,103,103,102,99,107,115,106,103,102,102,113
1286,Bolwarra Public School,327,299,316,297,284,304,309,344,393,408,456,470,473,435,423,432,432,424,426,406,394,390
1303,Booligal Public School,SP,6,7,6,10,9,12,13,9,7,10,9,10,7,7,6,7,7,SP,,,
1318,Boree Creek Public School,26,18,20,21,18,19,12,15,18,12,16,14,21,26,32,29,33,30,33,25,21,19
1334,Bowning Public School,69,51,45,46,38,43,43,43,45,45,42,34,28,27,21,26,30,20,24,25,28,26
1336,Bowraville Central School,310,300,303,312,275,262,245,229,230,253,241,240,255,230,213,185,179,159,155,151,162,207
1437,Burraga Public School,10,12,SP,,,7,SP,7,10,9,10,9,SP,,,,,,,,,
1453,Burrumbuttock Public School,39,37,39,38,35,30,28,31,30,33,39,36,31,31,32,30,30,27,27,28,25,33
1468,Byrock Public School,SP,SP,,,,,,,,,,,,,,,,,,,,
1485,Cammeray Public School,531,567,593,632,664,707,749,733,765,825,876,924,956,936,920,888,860,784,716,687,643,622
1503,Caragabal Public School,15,14,7,6,8,10,11,14,14,18,22,23,26,27,29,29,35,27,23,21,15,15
1504,Carcoar Public School,22,16,16,14,8,11,11,17,10,9,10,8,10,9,15,16,21,21,16,24,26,31
1520,Carroll Public School,13,19,16,14,10,7,7,14,11,11,21,24,21,23,26,29,31,35,33,43,50,46
1537,Cawdor Public School,128,139,133,115,89,70,64,57,57,63,61,66,76,85,80,84,85,84,79,84,77,76
1604,Comleroy Road Public School,205,205,199,180,163,155,153,148,152,155,141,146,136,117,121,109,123,140,153,166,149,144
1634,Coorabell Public School,76,67,72,87,84,86,95,106,103,103,104,114,131,133,126,121,127,115,108,100,104,92
1635,Cooranbong Public School,250,221,234,201,188,193,209,191,162,152,131,145,195,234,223,240,250,263,275,274,311,330
1654,Corindi Public School,118,135,123,126,140,151,170,165,159,187,199,198,205,199,202,186,196,182,190,174,171,183
1671,Cowra Public School,532,536,474,424,393,407,373,360,328,337,327,336,381,396,379,389,388,371,394,364,365,338
1684,Crookwell Public School,174,163,143,153,157,171,179,176,191,204,217,217,218,226,216,195,181,175,184,197,192,220
1770,Douglas Park Public School,158,160,160,157,144,131,132,141,146,143,136,145,153,159,149,129,124,120,115,108,139,145
1771,Drake Public School,42,43,32,36,37,38,33,34,32,31,36,28,31,36,23,18,20,24,20,17,17,14
1803,Durrumbul Public School,42,36,52,71,83,99,99,92,67,30,35,31,35,21,29,21,9,6,SP,,,
1883,Eurongilly Public School,13,8,12,12,16,19,16,17,20,21,18,22,19,20,21,21,26,22,20,22,23,17
1915,Fingal Head Public School,66,59,56,57,62,59,57,50,48,44,44,42,42,36,40,44,29,30,28,33,36,33
1951,Galong Public School,15,11,9,7,,,,,,,,,,,,,,,,,,
1956,Garah Public School,15,16,16,26,34,30,25,26,24,23,26,13,17,22,20,17,13,14,13,14,17,14
1974,Sandy Hollow Public School,32,26,33,41,50,52,54,50,46,44,41,39,29,23,29,18,19,22,26,17,23,23
2042,Goonengerry Public School,30,35,50,63,74,62,58,42,29,39,41,37,40,36,37,40,51,52,44,45,49,57
2056,Goulburn South Public School,160,166,179,189,175,161,162,157,152,146,145,155,148,159,174,168,160,143,151,160,155,160
2099,Gulmarrad Public School,215,220,208,208,197,196,205,203,194,194,168,184,192,196,187,179,195,199,199,203,207,213
2115,Gwabegar Public School,25,24,28,26,15,13,10,12,14,17,12,13,7,8,14,12,7,10,9,14,18,21
2133,Harbord Public School,718,730,774,802,839,892,934,954,1031,1082,1116,1140,1142,1140,1132,1109,1062,1019,942,920,899,881
2156,Hernani Public School,19,23,11,9,10,12,16,19,10,11,10,9,7,8,12,6,6,8,SP,7,12,14
2165,Hillston Central School,318,278,279,273,226,253,213,171,179,175,167,166,150,164,163,175,176,169,195,206,211,212
2190,Huntingdon Public School,35,31,25,27,32,38,30,36,52,60,49,54,55,55,52,44,38,28,35,33,33,22
2199,Huskisson Public School,148,170,172,152,133,124,108,102,111,100,93,134,155,177,198,199,192,185,183,189,171,163
2226,Jerilderie Public School,73,72,83,70,59,50,48,43,45,42,49,49,43,39,31,32,32,30,30,16,14,14
2267,Kearsley Public School,155,148,142,145,138,125,120,107,111,114,126,130,145,152,148,125,118,107,106,108,109,114
2274,Kellyville Public School,612,588,584,551,510,538,509,542,540,549,577,614,646,726,786,768,781,831,842,868,868,855
2285,Kentlyn Public School,120,112,121,122,128,121,121,116,128,128,144,147,145,160,143,124,117,116,106,115,116,120
2342,Kurrajong Public School,180,166,162,168,191,192,202,208,229,228,235,243,229,240,246,252,243,225,206,173,150,139
2360,Lakemba Public School,365,358,348,343,368,369,375,390,404,453,471,492,510,495,482,479,457,442,397,405,427,428
2417,Lochinvar Public School,86,79,61,60,65,81,82,86,97,84,97,125,156,168,167,168,163,164,161,160,168,194
2492,Martindale Public School,33,20,13,12,17,21,19,15,17,22,23,16,15,17,15,17,19,11,8,8,10,7
2499,Mascot Public School,434,445,435,444,455,433,411,400,380,373,354,355,370,348,327,367,368,373,382,401,403,397
2501,Matong Public School,33,40,39,33,39,45,34,40,43,45,31,28,28,26,34,36,34,32,26,25,31,32
2510,The Meadows Public School,235,251,263,253,251,232,218,200,196,180,178,191,210,234,235,241,277,274,275,287,343,335
2558,Millthorpe Public School,133,127,137,158,166,186,179,198,210,243,261,258,266,287,285,299,306,286,271,240,226,235
2560,Milperra Public School,257,226,211,221,226,221,225,220,228,247,246,235,232,263,273,282,284,304,309,317,309,317
2599,Monteagle Public School,34,38,38,41,34,30,27,37,38,24,14,14,22,26,21,19,14,19,15,17,22,24
2610,Mooney Mooney Public School,11,10,6,,,,,,,,,,,,,,,,,,,
2669,Mumbil Public School,15,14,17,16,18,24,24,22,27,21,20,22,16,15,12,12,7,6,10,10,10,10
2710,Narrandera Public School,265,273,258,245,232,219,210,220,228,226,234,237,248,268,256,247,247,251,258,290,278,267
2801,Old Guildford Public School,223,234,240,229,231,249,244,247,265,296,358,394,408,458,444,438,425,431,434,420,425,411
2826,Padstow Park Public School,302,323,332,331,324,333,339,340,326,333,348,364,342,335,344,370,375,354,352,356,352,334
2835,Parkes Public School,489,509,501,522,528,517,518,495,481,444,430,439,418,418,435,426,384,369,365,354,364,363
2858,West Pennant Hills Public School,516,495,471,462,457,500,504,540,579,549,579,625,654,649,656,638,620,600,583,544,499,510
2860,Penrose Public School,15,26,13,11,SP,7,11,13,10,16,22,20,17,15,11,13,14,12,12,11,7,SP
2089,Grong Grong Public School,15,9,8,13,17,15,11,9,9,,,,,,,,,,,,,
2102,Gundagai Public School,187,179,196,197,190,192,190,156,151,151,171,173,159,144,143,156,158,148,163,163,163,164
2136,Hargraves Public School,22,30,25,24,28,32,26,26,29,27,31,30,20,26,29,27,29,17,13,13,15,12
2155,Hermidale Public School,16,15,17,17,16,18,12,14,14,16,15,10,9,9,11,12,13,7,7,14,12,13
2170,Holbrook Public School,175,183,165,160,166,171,158,166,171,164,146,152,138,138,145,137,151,145,140,136,120,121
2171,Holgate Public School,168,167,167,164,168,179,178,165,166,164,165,172,167,155,161,154,160,139,127,122,119,95
2172,Holmwood Public School,40,40,37,38,39,33,32,42,45,50,59,55,49,47,57,55,40,38,34,27,26,26
2187,Hoxton Park Public School,585,632,651,633,626,655,617,601,572,580,587,611,654,659,638,671,686,659,593,534,519,531
2188,Humula Public School,14,10,6,11,12,14,11,12,13,12,SP,8,14,13,18,19,17,16,11,11,6,8
2236,Jilliby Public School,131,131,129,128,117,92,103,111,106,94,91,79,70,64,66,61,74,59,53,46,53,60
2237,Jindabyne Central School,277,272,337,410,502,563,604,608,622,613,681,736,788,815,882,856,763,722,680,,,
2239,Jindera Public School,265,234,206,193,178,174,179,178,190,201,193,201,212,196,206,167,163,162,164,154,162,164
2255,Kangaloon Public School,35,40,19,12,10,26,30,31,30,28,31,34,35,32,30,29,31,25,22,19,17,20
2271,Keiraville Public School,211,228,235,232,231,242,248,247,264,279,294,303,340,340,351,350,330,289,278,283,286,297
2304,Kincumber Public School,609,580,544,559,520,465,466,437,430,417,436,434,443,437,414,418,420,394,371,378,372,364
2353,Ladysmith Public School,23,25,27,29,33,34,33,32,39,38,42,41,41,28,26,26,30,28,30,30,29,33
2356,Laguna Public School,43,47,44,39,39,34,36,36,39,51,55,61,69,61,60,53,55,63,50,50,51,52
2404,Lindfield East Public School,651,689,718,714,717,730,718,750,741,735,764,769,764,735,732,674,644,588,585,523,555,531
2421,Londonderry Public School,226,203,181,188,181,185,197,191,187,183,184,202,204,207,213,227,233,237,219,208,201,235
2436,Lyndhurst Public School,29,31,27,28,27,31,31,33,30,42,35,37,31,28,19,15,13,13,12,11,15,7
2456,Mallanganee Public School,17,19,14,11,13,,,,,,,,,,,,,,,,,
2489,Marsden Park Public School,86,85,89,83,79,81,66,67,66,54,47,47,52,67,109,237,526,210,168,184,230,242
2520,Menai Public School,344,326,290,250,225,228,191,172,165,133,114,109,99,86,104,92,96,102,117,140,163,154
2553,Millbank Public School,26,25,22,30,24,24,34,25,15,13,16,12,10,,,,,,,,,
2555,Millfield Public School,54,42,40,51,64,66,61,65,60,60,56,62,67,59,70,80,86,94,101,96,96,101
2572,Minto Public School,191,181,183,188,179,168,172,163,158,179,181,193,201,205,215,211,225,221,238,241,229,220
2606,Moonan Flat Public School,11,7,SP,,,,,,,,,,,,,,,,,,,
2671,Mummulgum Public School,42,39,36,30,26,21,19,21,19,28,23,20,20,22,22,16,16,15,19,17,15,21
2704,Narellan Public School,315,284,261,243,254,271,241,257,282,303,340,356,338,318,325,329,342,356,315,292,296,291
2706,Narrabeen Lakes Public School,191,219,237,255,267,289,300,328,335,345,374,411,409,431,423,418,413,411,375,392,380,364
2771,Nulkaba Public School,358,378,390,398,393,412,394,396,400,407,409,417,418,409,382,392,396,386,418,378,389,389
2789,Oakdale Public School,178,166,182,160,156,168,151,164,164,151,164,164,168,155,147,141,123,133,140,148,142,141
2958,Revesby Public School,300,287,274,280,284,286,305,320,314,338,329,331,327,322,329,341,353,338,332,337,324,303
2971,Robertson Public School,168,167,164,156,173,175,177,188,184,174,165,160,156,153,143,122,134,133,149,150,145,147
2988,Rose Bay Public School,262,320,356,413,424,466,488,523,551,585,606,592,625,615,623,587,555,523,465,432,391,377
3006,Rous Public School,89,86,82,88,80,79,76,67,67,63,74,71,74,70,77,85,91,93,99,89,86,85
3008,Rouse Hill Public School,422,488,537,652,749,808,876,903,865,821,807,750,694,661,645,672,761,880,940,1096,1198,1058
2101,Gumly Gumly Public School,8,8,,,,,,,,,,,,,,,,,,,,
2117,Haberfield Public School,630,636,613,596,570,593,588,589,592,610,615,627,649,623,637,670,654,645,611,599,561,542
2149,Heathcote Public School,302,307,278,268,275,271,269,273,275,309,305,291,301,317,339,338,323,321,320,334,302,273
2201,Ilford Public School,33,34,30,27,19,17,29,28,27,21,24,29,32,32,29,26,25,24,21,15,15,18
2260,Karangi Public School,100,93,82,86,94,84,82,91,81,95,121,138,130,114,98,86,74,56,56,40,31,29
2310,Kingstown Public School,34,35,37,27,33,34,32,30,39,34,34,35,30,24,21,19,14,11,11,6,SP,10
2326,Koorawatha Public School,31,32,39,28,20,20,25,20,19,23,28,25,30,29,13,15,10,12,6,SP,,
2340,Kurmond Public School,185,176,167,162,158,180,186,202,207,204,192,201,188,178,161,156,155,146,142,122,129,125
2444,Macksville Public School,401,402,372,381,365,413,415,401,399,419,378,402,393,374,338,325,305,289,294,305,300,284
2451,Maitland East Public School,755,765,768,584,541,538,543,525,555,569,578,630,606,574,555,535,511,501,495,504,502,559
2469,Manly West Public School,579,579,602,635,632,703,726,763,823,831,817,841,868,860,866,871,866,856,857,820,811,761
2476,Pelican Flat Public School,78,73,85,94,92,79,69,53,50,49,50,46,44,43,60,65,73,79,80,88,97,94
2485,Marrar Public School,39,34,26,27,27,27,31,24,28,30,30,20,21,20,18,16,13,14,16,17,23,27
2494,Martins Gully Public School,175,168,171,164,166,160,167,167,162,170,170,166,161,167,166,165,161,167,165,161,158,164
2526,Merimbula Public School,446,442,438,444,434,436,416,411,415,413,384,359,412,404,389,361,375,369,366,391,423,428
2551,Milbrulong Public School,9,8,8,9,9,8,9,7,7,7,,,,,,,,,,,,
2574,Miranda Public School,232,251,263,255,242,247,254,255,241,251,258,281,293,280,276,271,263,274,279,286,292,300
2585,Modanville Public School,129,125,122,117,114,105,104,111,99,88,78,83,83,88,86,74,61,64,69,70,65,58
2608,Moonbi Public School,60,43,39,38,42,33,35,38,49,51,49,57,54,49,49,53,42,37,38,30,28,31
2642,Mount Keira Public School,64,62,68,64,62,55,54,68,78,85,90,95,88,88,90,96,89,86,93,84,84,91
2658,Mulbring Public School,98,95,94,98,93,92,90,74,65,55,60,47,43,42,45,57,62,69,48,53,62,56
2685,Murrumburrah Public School,183,178,176,165,168,164,159,148,138,122,126,131,146,147,166,180,186,197,202,205,221,210
2701,Naradhan Public School,13,11,11,13,11,13,14,12,13,14,13,13,13,13,12,11,13,13,12,6,8,9
2733,Newbridge Public School,25,24,16,15,12,SP,,,,,,,,,,,,,,,,
2758,Narooma Public School,397,401,386,383,358,379,362,366,386,391,403,434,420,441,443,408,398,395,380,377,379,384
2785,Nyngan Public School,207,214,210,177,162,164,159,146,142,145,147,138,125,130,129,122,115,116,120,111,129,131
2794,Oakville Public School,342,353,377,376,377,407,418,427,432,435,458,463,442,438,437,444,447,491,439,490,513,612
2867,Picton Public School,432,428,431,428,446,460,484,483,496,464,458,430,413,392,373,373,329,313,307,315,313,307
2887,Plumpton Public School,474,513,521,530,556,517,505,486,479,466,481,474,473,459,476,472,516,525,518,531,511,504
2901,Prestons Public School,631,593,549,544,512,484,466,454,445,476,475,545,552,593,631,702,704,757,701,577,589,586
2917,Quaama Public School,79,73,74,68,75,61,54,56,56,52,56,53,55,62,63,54,54,41,40,42,49,53
2926,Leppington Public School,129,113,111,123,118,119,105,108,111,105,91,110,121,138,191,279,333,450,232,347,411,507
2937,Rappville Public School,25,28,28,21,22,23,19,20,16,25,20,27,14,12,13,10,11,14,14,11,11,17
2953,Reids Flat Public School,8,6,7,7,11,10,8,6,9,,,,,,,,,,,,,
2994,Roseville Public School,552,566,614,594,623,625,599,603,568,584,620,620,629,624,646,638,659,618,598,580,533,520
3003,Rouchel Public School,8,12,SP,SP,7,7,SP,6,7,6,SP,,,,,,,,,,,
3053,Seven Hills North Public School,173,165,165,175,192,185,174,180,176,177,180,216,242,266,273,293,280,258,272,277,254,246
1028,Alma Public School,355,325,315,300,291,269,219,202,210,209,230,223,236,247,266,265,266,271,257,258,243,255
1030,Alstonville Public School,526,521,525,546,536,556,578,570,548,534,562,527,540,528,483,407,375,347,294,268,281,280
1055,Ariah Park Central School,186,191,136,127,118,109,107,111,118,116,120,121,126,139,130,135,140,139,138,147,131,123
1073,Auburn North Public School,513,596,658,664,631,577,547,594,556,578,602,658,665,706,704,679,662,665,630,637,630,645
1082,Avoca Beach Public School,386,396,400,409,400,404,418,471,503,509,507,507,511,529,513,465,475,463,451,453,455,455
1098,Bald Blair Public School,16,24,25,27,34,23,29,28,29,32,40,39,36,38,36,36,33,36,39,36,32,32
1121,Banksmeadow Public School,215,226,227,228,237,232,221,230,225,244,250,246,254,273,278,312,301,301,293,271,284,268
1123,Greenacre Public School,707,725,719,719,714,703,716,738,767,758,745,792,797,845,864,841,840,822,779,726,659,611
1137,Barmedman Public School,15,20,16,15,13,17,16,15,20,24,21,21,15,SP,9,9,7,10,11,10,8,SP
1139,Barooga Public School,178,172,157,157,143,139,142,146,148,137,154,160,151,142,124,118,105,94,83,89,99,109
1180,Bellimbopinni Public School,41,40,37,30,28,18,18,24,15,12,SP,,,,,,,,,,,
1182,Belltrees Public School,16,14,12,17,16,13,13,11,12,10,7,15,11,13,17,10,11,7,SP,SP,SP,9
1189,Bemboka Public School,86,74,71,56,62,57,58,58,53,54,56,54,51,52,48,47,42,35,36,35,33,29
1237,Binnaway Central School,88,75,114,94,128,133,121,97,97,93,92,86,67,59,53,53,54,59,58,56,43,44
1246,Blackheath Public School,303,291,269,265,275,279,286,292,306,320,329,344,332,333,342,337,342,334,316,294,283,254
1255,Blakehurst Public School,386,370,384,390,384,406,378,352,367,354,341,299,288,269,267,258,248,266,274,288,278,256
1307,Boomi Public School,27,26,25,31,25,35,27,28,34,40,43,38,33,34,25,16,16,22,18,11,6,7
1323,Botany Public School,159,162,162,179,179,198,181,183,196,257,244,258,266,274,283,289,286,286,273,270,244,232
1341,Branxton Public School,342,334,356,337,340,336,332,315,311,305,324,359,355,373,399,377,375,372,398,429,467,540
1371,Broken Hill North Public School,311,309,294,317,308,284,268,275,277,263,267,267,254,249,252,251,246,252,254,237,231,206
1414,Bundanoon Public School,163,141,129,137,155,153,168,180,204,211,188,177,191,174,158,150,160,148,136,118,126,125
1455,Burwood Public School,568,572,588,628,653,655,641,621,615,649,640,623,629,641,579,573,570,514,517,489,493,476
1505,Cardiff Public School,189,181,170,169,194,216,212,209,227,220,213,209,217,225,237,243,263,268,262,279,282,283
1548,The Channon Public School,40,49,37,33,37,41,47,53,49,53,50,45,45,38,35,31,25,22,26,33,29,25
1550,Charlestown Public School,208,221,211,206,183,178,156,156,130,133,128,134,139,118,148,146,170,189,218,223,239,234
1566,Clemton Park Public School,518,508,536,535,512,546,577,587,608,595,596,618,587,591,603,592,591,581,567,543,524,500
1589,Collarenebri Central School,108,107,112,135,101,106,89,75,99,96,94,89,88,107,106,82,92,94,100,93,75,68
1591,Collingullie Public School,62,70,69,65,56,28,30,25,28,27,22,27,28,SP,,,,,,,,
1616,Coogee Public School,490,505,502,508,539,554,612,606,604,599,596,609,606,609,606,615,599,566,514,456,409,361
1630,Coonabarabran Public School,362,357,345,359,355,352,341,319,322,329,327,305,306,304,290,264,250,239,215,204,202,200
1632,Coopernook Public School,83,81,72,80,73,62,53,42,45,44,45,43,51,52,45,38,45,57,55,51,51,60
1682,Cronulla Public School,112,118,98,98,112,116,147,184,202,224,246,306,342,382,411,438,470,480,479,503,506,516
1714,Currabubula Public School,28,25,25,30,24,32,34,34,35,37,27,34,30,29,26,23,27,29,30,29,24,24
1723,Dalton Public School,24,29,25,27,26,22,15,18,15,18,14,15,12,17,10,11,10,12,SP,SP,9,6
1780,Lismore Public School,320,322,285,290,311,323,334,317,309,356,368,352,326,318,291,273,250,219,191,177,173,179
1789,Dunedoo Central School,243,234,233,247,214,220,220,201,206,204,203,213,197,185,171,157,166,158,167,165,164,152
3022,North Ryde Public School,265,251,247,224,238,224,248,247,257,282,282,303,354,375,383,420,392,397,363,343,331,316
3024,Rye Park Public School,23,26,27,30,26,28,30,22,27,24,23,19,16,13,13,8,SP,SP,SP,,,
3089,Spring Hill Public School,25,24,30,31,32,36,40,34,38,42,34,39,33,38,39,46,47,49,55,46,60,57
3138,Sutton Forest Public School,32,25,22,31,27,11,32,31,32,30,14,,,,,,,,,,,
3141,Swansea Public School,289,267,264,235,239,223,200,215,217,215,226,226,243,221,235,227,240,210,209,194,204,199
3191,Terrigal Public School,606,585,575,588,581,618,645,655,691,725,739,763,796,818,835,836,909,914,921,912,924,888
3225,Tocumwal Public School,92,85,90,105,99,95,106,119,117,105,129,138,150,156,147,140,154,140,153,148,143,154
3242,Tooraweenah Public School,30,23,18,18,23,28,35,37,36,34,28,30,25,12,13,13,10,11,9,13,18,23
3255,Tregeagle Public School,123,114,109,115,115,117,112,113,113,109,104,107,103,111,117,123,122,108,110,112,102,103
3275,Tumbarumba Public School,176,179,208,197,180,179,189,183,184,177,166,159,153,164,165,164,160,165,167,188,181,184
3290,Tweed Heads Public School,284,242,255,240,255,238,230,215,216,204,224,251,266,284,277,286,295,333,333,345,378,394
3373,Wangi Wangi Public School,189,170,164,142,133,114,106,118,103,104,91,90,97,101,108,124,142,153,146,165,164,181
3390,Warrawee Public School,341,360,353,354,382,452,507,554,576,590,617,615,585,608,653,687,712,740,720,700,680,622
3422,Wentworth Falls Public School,377,364,385,404,399,423,410,389,388,378,354,358,373,367,377,402,397,370,376,366,366,370
3457,Windellama Public School,31,26,28,33,31,34,31,29,28,32,28,27,20,23,29,34,25,23,23,23,16,13
3458,Windeyer Public School,22,20,16,13,10,16,13,7,,,,,,,,,,,,,,
3473,Wollar Public School,10,16,19,14,12,15,14,7,6,SP,SP,9,8,SP,SP,,,,,,,
3556,Yerong Creek Public School,34,35,30,36,37,36,30,30,28,26,22,21,24,21,17,23,22,22,18,13,13,12
3690,Oxley Vale Public School,340,323,301,278,279,293,278,302,331,340,313,342,326,343,340,343,324,356,372,361,371,377
3826,Gwynneville Public School,158,167,159,162,172,162,166,193,198,223,237,231,239,232,232,251,252,238,233,241,244,271
3840,Parramatta East Public School,231,229,221,231,269,282,309,327,330,352,374,395,409,503,529,618,633,592,531,500,481,465
3875,Narwee Public School,257,246,244,223,245,235,259,242,245,278,307,340,345,298,297,293,316,296,269,257,245,246
3876,Muswellbrook South Public School,427,406,406,400,399,424,405,366,393,389,436,518,506,549,541,558,507,518,505,516,506,439
3890,Cooma North Public School,328,344,329,323,314,309,285,283,303,300,315,321,339,327,324,308,277,262,245,225,230,227
3893,Windale Public School,277,272,255,239,228,241,217,231,234,231,198,175,162,156,171,194,182,218,228,234,239,252
3909,Taree West Public School,470,473,465,461,496,517,511,529,521,515,514,476,509,521,536,511,508,479,474,439,432,409
3925,Curl Curl North Public School,503,520,537,605,668,686,755,777,833,902,947,916,912,908,878,833,838,801,733,725,711,699
3943,Gordon West Public School,392,398,398,411,425,421,450,473,510,524,548,555,564,568,597,582,572,524,511,512,470,424
3944,Beverly Hills North Public School,594,610,626,615,614,610,633,672,697,675,697,651,645,644,558,534,535,457,424,399,359,352
3960,Waniora Public School,304,289,283,285,298,304,309,315,316,313,328,351,350,356,370,348,316,309,285,272,272,264
3976,Farmborough Road Public School,326,298,277,236,240,243,237,225,217,195,196,186,179,194,180,177,184,204,204,216,221,226
4009,Fairvale Public School,548,550,556,565,534,561,555,558,574,589,631,655,628,647,617,636,652,562,520,522,512,503
4041,Eastwood Heights Public School,381,348,335,349,371,357,337,341,330,363,396,425,453,487,503,523,494,476,472,458,452,416
4042,Lindsay Park Public School,292,291,281,267,273,285,284,302,302,326,340,348,387,409,403,393,381,349,343,326,320,334
4060,Cambridge Park Public School,509,510,508,488,510,481,447,422,426,465,474,495,519,539,574,556,545,535,524,543,515,523
4075,Kirrawee Public School,313,309,299,281,260,265,256,242,234,215,226,226,237,221,247,259,288,302,315,326,313,326
1058,Drummond Memorial Public School,141,105,85,85,81,95,92,107,138,135,143,135,122,117,125,172,174,173,223,216,225,233
1077,Austral Public School,417,394,393,381,371,379,361,356,334,330,322,308,281,272,269,286,294,381,424,519,701,846
1111,Ballimore Public School,26,26,28,24,17,16,10,8,10,18,13,18,14,16,15,14,14,18,14,15,15,13
1124,Bankstown North Public School,271,298,334,348,353,334,335,358,364,371,361,369,377,373,356,328,344,333,324,366,375,382
1175,Bellata Public School,36,39,35,41,33,30,30,29,31,26,22,23,29,22,25,24,18,12,15,16,23,17
1192,Bendick Murrell Public School,16,6,7,9,SP,,,,,,,,,,,,,,,,,
1209,Berrima Public School,72,70,86,93,89,90,80,89,100,116,117,136,140,142,145,157,160,154,148,135,145,158
1227,Ocean Shores Public School,366,355,334,310,302,296,317,329,333,323,337,348,357,355,337,309,317,294,311,285,290,294
1276,Boggabri Public School,106,108,115,105,95,97,96,98,101,105,123,119,118,113,88,83,69,77,86,86,89,96
1311,Booral Public School,106,109,89,89,88,84,92,84,61,59,69,68,71,85,107,96,108,98,97,91,91,84
1360,Bringelly Public School,122,133,110,107,106,103,118,108,142,163,174,163,132,139,122,108,108,106,84,77,95,114
1411,Bulli Public School,202,184,192,189,190,192,189,197,204,217,195,193,192,206,211,227,255,292,320,317,319,318
1425,Bunnaloo Public School,56,60,58,62,56,56,59,48,44,49,40,51,46,49,55,41,37,43,40,29,35,31
1461,Byabarra Public School,28,28,30,21,19,20,10,12,,,,,,,,,,,,,,
1529,Castle Hill Public School,748,791,800,793,748,748,730,780,762,808,797,880,920,940,979,1021,1082,1134,1103,1095,1021,970
1542,Cessnock Public School,406,380,357,357,354,346,324,326,317,307,309,307,296,305,313,318,332,296,270,271,285,276
1578,Cobar Public School,336,330,321,288,304,301,296,316,327,299,283,271,257,270,240,233,217,220,218,229,219,228
1579,Cobargo Public School,140,148,136,132,127,133,113,84,87,81,91,80,74,69,62,62,75,80,85,78,84,77
1596,Colyton Public School,600,615,622,608,614,632,645,651,667,663,677,691,728,789,847,875,889,858,818,830,779,714
1611,Condong Public School,91,80,82,81,69,72,66,61,65,63,54,64,59,48,45,63,58,66,62,57,48,49
1627,Coolongolook Public School,26,26,31,32,35,27,30,31,35,33,35,30,31,35,29,29,21,31,23,15,21,31
1642,Copmanhurst Public School,93,98,82,81,71,67,58,61,62,66,59,54,65,75,66,62,72,85,76,66,66,66
1644,Coraki Public School,153,148,147,144,126,119,119,109,109,115,102,85,94,88,70,43,44,27,19,18,26,26
1659,Corowa South Public School,59,59,63,67,75,87,86,84,88,95,69,56,52,53,52,49,52,44,46,37,45,40
1745,Delegate Public School,76,58,55,50,45,39,34,34,36,32,31,30,31,34,41,36,42,32,35,30,27,22
1762,Dora Creek Public School,171,171,155,136,129,125,133,136,145,114,113,118,113,116,105,109,117,115,116,128,124,139
1776,Dubbo North Public School,343,305,283,293,278,280,251,230,258,236,217,228,259,266,250,258,265,272,283,289,288,276
1813,Ebenezer Public School,132,122,107,118,125,145,142,147,140,126,105,108,116,126,134,143,152,163,138,76,91,85
1879,Eureka Public School,59,41,43,35,33,38,37,39,29,23,24,33,37,34,34,33,31,33,41,42,35,32
1895,Fairfield Public School,707,685,681,636,619,628,597,579,575,614,639,615,560,575,586,581,569,492,462,437,407,386
1896,Fairfield West Public School,727,675,632,618,628,649,611,636,668,677,703,712,732,755,769,772,724,644,645,643,598,545
1978,Gilgai Public School,40,29,31,30,37,48,58,57,61,60,61,61,57,59,50,50,54,53,65,50,46,42
1979,Gilgandra Public School,266,258,257,249,226,221,240,208,192,197,173,185,193,226,214,227,206,208,205,195,191,198
2012,Glenorie Public School,240,227,202,191,198,209,221,224,222,230,227,244,241,255,273,295,292,291,275,284,293,283
2027,Gol Gol Public School,191,202,216,197,197,196,188,195,192,200,196,210,196,186,202,188,171,180,183,176,194,201
2094,Gulargambone Central School,175,148,103,92,86,64,77,67,68,69,69,81,64,66,66,72,67,78,74,91,94,104
3078,Somersby Public School,99,89,91,88,92,91,95,86,79,82,74,72,68,65,59,62,55,54,53,46,52,56
3103,Stanwell Park Public School,185,181,174,169,176,174,176,176,170,160,158,158,149,154,156,168,165,164,169,165,157,150
3219,Tinonee Public School,187,194,195,188,192,192,194,185,181,166,175,169,176,180,168,163,152,137,145,149,146,158
3221,Tintinhull Public School,51,50,54,52,52,45,50,43,43,60,74,81,86,85,90,81,83,83,91,95,109,113
3235,Tooleybuc Central School,213,181,154,140,132,127,122,121,125,126,120,139,128,120,116,112,125,121,122,117,113,118
3310,Undercliffe Public School,144,145,144,160,162,161,157,136,160,179,199,213,216,223,223,215,209,193,163,157,152,152
3328,Carramar Public School,293,276,265,255,234,240,259,242,245,260,249,261,249,225,227,229,228,218,217,210,241,227
3353,Wallendbeen Public School,18,16,12,13,11,14,10,17,16,15,16,23,17,14,10,6,SP,10,SP,SP,SP,
3378,Wardell Public School,68,63,63,56,58,58,50,48,46,38,39,22,38,42,36,33,29,31,33,25,22,24
3396,Waterfall Public School,41,36,38,29,31,36,30,41,49,50,51,45,46,36,19,18,22,19,16,17,19,17
3412,Wee Jasper Public School,8,6,SP,10,9,9,9,10,12,10,10,12,9,6,6,SP,SP,SP,6,SP,SP,SP
3453,Athelstane Public School,365,393,383,380,337,333,326,318,310,314,318,305,324,346,315,346,336,337,342,332,290,277
3580,Rowena Public School,27,33,33,25,29,30,29,32,33,20,20,24,26,25,27,20,28,24,25,20,16,20
3594,Louth Public School,13,9,12,8,7,SP,SP,SP,SP,SP,SP,6,6,8,SP,SP,SP,SP,6,7,8,8
3864,Uralla Central School,303,333,344,356,370,378,359,349,333,320,318,329,320,310,311,343,341,322,299,292,267,264
3871,Wattle Grove Public School,666,658,656,644,614,621,620,582,552,571,573,592,600,610,616,628,605,586,558,509,464,427
3880,Burraboi Public School,7,9,11,,,,,,,,,,,,,,,,,,,
3896,Como West Public School,274,275,290,305,319,313,319,324,329,351,358,350,384,379,363,366,331,314,315,299,281,275
3905,Pagewood Public School,170,162,172,182,188,178,188,176,182,201,233,251,284,253,285,313,334,330,307,292,251,207
3923,Kapooka Public School,62,62,60,48,58,79,68,54,51,58,67,66,84,79,77,79,82,75,66,70,62,52
3939,Mount Hutton Public School,185,175,165,166,168,159,158,169,170,163,149,172,175,170,155,160,158,165,160,177,158,166
3964,Figtree Public School,300,316,323,308,300,310,316,315,313,311,306,305,309,298,292,289,302,301,285,267,267,264
3987,Katoomba North Public School,159,157,164,177,171,155,153,145,154,159,165,148,147,134,141,152,137,129,121,142,128,128
4012,Panania North Public School,320,335,337,318,328,319,309,304,324,360,369,379,381,373,375,389,373,377,396,428,434,441
4014,Chatham Public School,385,360,331,307,311,318,335,327,325,314,263,271,272,277,296,263,272,254,263,230,229,222
4071,Oatlands Public School,224,231,245,252,236,230,203,189,161,165,172,188,182,204,213,217,201,184,186,175,161,159
4132,Arcadia Vale Public School,150,137,146,115,98,98,95,101,118,127,124,130,105,113,105,103,125,130,130,158,164,171
4173,Kooringal Public School,468,420,436,397,394,376,380,411,427,459,449,456,444,469,455,453,457,427,434,425,414,390
4180,Berkeley West Public School,180,156,170,174,164,187,194,198,182,180,170,214,201,195,219,220,208,202,168,175,163,157
4232,Morgan Street Public School,408,383,374,355,355,347,328,329,352,352,335,344,316,309,329,308,285,293,294,301,311,290
4248,Vardys Road Public School,482,498,507,497,484,465,470,464,464,445,466,459,476,504,511,544,536,496,449,450,459,437
4262,Mallawa Public School,29,33,29,25,17,17,11,9,11,8,13,11,6,8,SP,11,12,8,9,9,15,11
4289,Lurnea Public School,459,490,501,490,468,436,403,399,411,421,435,444,432,423,432,443,430,408,422,418,429,440
4323,Peakhurst South Public School,257,264,288,308,305,307,295,290,278,244,235,240,227,261,283,309,337,345,328,340,326,313
4357,Pleasant Heights Public School,177,165,164,170,179,184,181,188,183,204,221,242,260,254,262,263,258,260,271,267,261,241
4366,Toongabbie East Public School,82,83,67,71,70,48,41,45,42,44,47,53,78,73,67,75,79,100,105,110,125,107
2064,Granville Public School,473,499,496,518,497,480,484,493,500,516,537,509,569,568,572,572,565,555,595,595,579,590
2084,Greta Public School,185,186,192,208,196,200,191,194,204,191,211,199,193,183,180,194,184,196,206,196,191,186
2109,Gunnedah Public School,256,240,220,198,195,170,150,137,132,121,115,117,127,148,155,156,164,154,172,182,167,175
2157,Herons Creek Public School,9,12,10,11,13,12,19,35,40,36,39,39,44,33,28,24,27,23,25,24,24,25
2166,Hill Top Public School,259,242,243,237,227,229,207,224,205,207,210,182,178,140,152,142,120,121,127,132,117,120
2173,Homebush Public School,519,538,566,567,532,529,515,512,485,494,437,413,407,458,488,519,518,508,507,492,413,368
2218,Jamberoo Public School,154,157,162,163,166,154,134,120,127,110,99,96,96,122,134,141,142,139,137,142,135,131
2225,Jerangle Public School,12,7,8,6,8,8,10,11,14,17,11,14,11,11,8,7,SP,,,,,
2257,Wongwibinda Public School,11,13,8,11,6,,,,,,,,,,,,,,,,,
2259,Kanwal Public School,909,827,790,744,706,697,693,722,737,726,702,699,688,675,636,614,614,582,554,553,510,500
2273,Kellys Plains Public School,43,37,42,39,37,33,34,36,39,40,36,29,44,35,28,14,21,26,26,24,24,27
2284,Kenthurst Public School,178,169,171,160,175,196,208,209,198,188,203,198,213,205,206,216,217,204,208,196,194,187
2293,Kiama Public School,390,372,337,368,343,339,370,349,363,377,428,447,474,508,526,535,544,501,452,418,362,347
2357,Lake Albert Public School,340,332,354,358,390,385,386,403,435,465,495,507,508,535,523,526,502,489,467,442,432,434
2366,Lambton Public School,314,311,317,328,311,296,324,345,366,373,372,378,386,396,397,382,363,355,342,353,343,339
2368,Lane Cove Public School,766,773,792,772,789,810,805,809,804,805,824,812,840,849,881,867,826,801,769,731,734,688
2375,Larnook Public School,35,40,44,43,43,39,44,43,39,39,30,27,30,28,30,29,20,20,21,19,16,11
2377,Laurieton Public School,227,212,202,202,223,212,209,222,220,216,210,188,206,210,217,204,183,181,163,153,154,151
2409,Lismore South Public School,281,265,304,288,297,285,245,204,225,232,227,214,225,242,244,245,210,205,147,120,120,106
2509,Meadow Flat Public School,27,33,31,29,41,32,33,41,44,42,54,53,50,45,50,58,65,65,55,43,34,30
2511,Medlow Public School,27,25,26,18,21,25,20,19,19,18,21,15,8,6,10,17,9,15,25,26,19,33
2525,Merewether Public School,200,199,187,188,178,184,186,178,172,178,179,170,157,159,160,167,156,149,151,136,145,139
2543,Middle Harbour Public School,368,383,387,383,384,425,472,506,515,543,563,593,624,642,628,609,571,533,512,481,449,423
2550,Milbrodale Public School,31,34,27,22,12,11,10,SP,8,11,8,9,9,7,12,18,13,15,16,14,25,19
2584,Moama Public School,188,176,195,226,262,289,278,224,244,235,221,231,218,198,191,161,154,150,134,129,120,113
2625,Mortlake Public School,205,209,232,252,265,287,313,324,353,365,383,381,402,413,399,402,371,344,329,323,282,261
2641,Mount Kanwary Public School,61,64,51,51,48,31,25,34,36,37,29,26,31,32,35,34,21,21,23,34,43,38
2643,Mount Kembla Public School,157,161,164,152,150,137,135,135,148,150,162,157,141,127,124,115,112,117,117,135,145,159
2652,Mount Victoria Public School,114,110,117,114,90,79,69,76,81,80,75,76,84,61,69,69,61,54,51,58,59,56
2668,Clergate Public School,57,63,62,53,32,31,45,61,69,79,87,92,96,103,92,90,78,84,85,78,72,74
2686,Murrurundi Public School,75,76,72,67,60,50,49,51,57,58,51,50,61,50,49,55,49,52,46,54,42,36
2725,Nemingha Public School,140,154,141,163,172,188,189,201,199,197,189,192,211,209,209,216,218,212,200,203,204,193
2736,Newcastle East Public School,168,170,188,191,201,204,219,203,210,208,217,239,242,241,239,254,265,255,233,253,241,260
2741,Newrybar Public School,34,36,34,41,40,42,32,29,36,34,29,27,29,26,35,39,36,42,66,58,59,61
2759,Nords Wharf Public School,100,88,88,80,85,84,75,82,89,78,96,98,108,125,147,160,168,183,193,202,184,180
2761,Northbridge Public School,338,349,366,437,460,482,492,510,531,554,555,555,573,542,534,519,519,481,478,438,408,364
2231,Jerrys Plains Public School,38,39,37,34,26,22,22,24,27,21,23,36,39,40,31,35,34,28,26,19,12,15
2245,Jugiong Public School,15,10,9,12,17,15,14,20,27,24,35,29,24,29,24,19,19,15,18,21,21,22
2246,The Junction Public School,461,457,471,522,537,545,550,563,594,567,586,597,625,607,576,573,545,535,507,479,446,450
2247,Junee Public School,219,212,179,169,160,160,134,126,121,122,135,136,128,129,109,99,110,108,103,101,103,118
2263,Karuah Public School,141,139,120,103,83,73,81,79,81,90,100,116,130,111,128,127,138,138,141,156,153,157
2278,Kempsey East Public School,273,272,291,285,292,284,280,248,248,232,221,213,221,226,222,209,192,177,206,203,196,180
2280,Kendall Public School,248,241,232,229,226,214,220,191,208,200,192,194,189,203,225,229,221,231,226,218,205,206
2330,Kororo Public School,557,565,573,591,545,527,503,549,533,542,561,616,638,691,661,646,621,602,572,549,486,441
2378,Lavington Public School,450,441,431,400,403,390,367,351,338,315,306,320,308,351,388,411,435,439,433,407,408,409
2381,Lawson Public School,240,229,216,196,183,176,160,177,173,200,222,241,251,237,206,198,203,198,198,206,204,196
2413,Llandilo Public School,247,251,273,274,269,268,283,289,287,274,304,320,335,347,365,342,323,288,255,223,195,155
2431,Luddenham Public School,73,69,73,77,63,69,61,56,81,83,83,76,74,89,94,81,69,55,52,45,35,35
2462,Mangoplah Public School,39,34,30,26,27,22,18,15,,,,,,,,,,,,,,
2464,Manifold Public School,25,18,18,26,33,21,14,15,21,34,37,35,38,41,39,26,25,25,16,15,22,17
2631,Moss Vale Public School,627,620,617,602,572,548,512,536,522,496,508,533,529,509,517,503,485,487,447,430,428,442
2632,Moulamein Public School,71,72,63,57,60,51,56,47,41,46,45,49,46,44,49,59,62,66,67,69,57,61
2648,Mount Pritchard Public School,514,497,467,458,441,424,427,416,433,422,395,383,397,387,376,361,379,340,322,317,343,368
2665,Mullumbimby Public School,322,327,330,294,275,244,247,242,232,218,235,202,201,191,205,219,258,239,222,231,218,217
2681,Murringo Public School,32,35,33,27,26,21,21,20,26,21,24,28,25,37,39,44,50,50,49,42,43,43
2698,Nana Glen Public School,131,135,139,138,136,124,120,93,81,94,84,117,120,126,131,143,135,124,119,124,106,100
2713,Narromine Public School,385,382,409,416,404,396,387,415,407,382,351,345,316,298,281,293,275,267,248,236,242,237
2730,Neutral Bay Public School,535,544,618,643,654,702,733,817,842,888,898,964,986,980,955,959,917,861,812,768,690,641
2732,Neville Public School,30,34,26,18,15,17,15,15,10,19,17,13,19,19,18,17,18,18,15,10,17,9
2798,O'Connell Public School,54,54,64,68,60,60,62,59,72,79,75,71,81,79,73,65,75,81,79,75,68,68
2831,Pambula Public School,325,307,303,297,309,293,301,311,298,304,314,325,346,337,323,343,343,321,291,279,264,257
2849,Peakhurst Public School,366,365,407,424,433,443,456,468,505,521,546,563,599,624,629,623,619,578,507,478,453,412
2913,Putney Public School,380,405,409,390,403,406,405,445,445,467,472,481,482,470,452,484,493,479,449,417,398,357
2946,Redhead Public School,195,207,201,194,199,207,228,237,262,268,283,287,285,279,270,274,274,273,268,270,248,240
2965,Richmond North Public School,239,238,218,220,216,192,167,157,157,160,156,136,167,204,237,238,265,264,244,265,290,309
2983,Rocky River Public School,36,31,28,25,31,29,32,32,33,33,38,36,37,37,33,35,33,36,39,36,36,39
2999,Rossmore Public School,167,176,142,144,138,149,147,143,149,140,117,109,99,93,88,72,65,69,58,60,69,113
3031,St Marys Public School,186,199,180,192,200,217,213,213,203,223,236,249,262,290,262,285,292,258,251,259,270,258
3167,Taree Public School,116,98,112,128,117,88,78,67,74,65,76,70,78,86,85,72,73,72,68,93,81,83
3180,Tenambit Public School,399,386,384,350,343,336,337,332,327,344,350,356,357,374,370,335,361,367,364,332,306,283
3182,The Sir Henry Parkes Memorial Public School,282,261,249,255,251,237,247,255,256,272,277,276,244,226,237,215,175,194,191,193,181,199
3183,Teralba Public School,104,94,80,81,81,75,72,78,69,69,67,81,71,65,70,81,99,120,119,117,134,111
1838,Emmaville Central School,82,79,77,81,73,62,87,81,64,60,70,83,81,83,87,90,64,75,78,78,87,94
1937,Fort Street Public School,49,62,54,64,91,78,86,88,99,123,151,157,177,181,220,215,215,242,248,280,292,284
1969,Gerogery Public School,21,19,20,16,15,21,18,12,12,11,15,12,12,10,16,20,18,19,12,12,11,13
2037,Goolmangar Public School,23,28,37,33,35,37,33,28,33,26,20,21,15,16,18,16,13,12,12,SP,,
2038,Gooloogong Public School,41,28,27,30,28,34,21,23,29,30,18,16,17,21,25,20,23,24,29,32,29,26
2085,Grevillia Public School,13,11,15,11,10,6,,,,,,,,,,,,,,,,
2087,Griffith Public School,419,381,388,346,327,296,331,323,368,377,357,376,380,380,386,380,359,347,349,369,393,433
2103,Gundagai South Public School,53,54,50,50,58,60,62,79,85,79,66,56,57,56,56,44,30,39,45,50,53,47
2154,Henty Public School,110,111,101,98,87,91,107,109,119,110,127,127,116,134,121,108,96,83,80,88,75,70
2189,Hunters Hill Public School,335,324,332,356,355,344,342,353,357,368,375,377,378,358,359,369,328,321,292,274,265,228
2204,Iluka Public School,142,124,135,136,132,135,140,138,131,140,126,143,130,123,108,104,101,85,71,83,89,96
2206,Ingleburn Public School,651,568,547,546,533,553,538,558,557,576,572,563,605,591,602,600,544,497,449,427,429,424
2254,Kandos Public School,219,222,210,222,213,237,219,201,180,187,187,156,141,143,134,143,143,145,138,129,112,95
2270,Kegworth Public School,352,341,337,308,305,324,293,302,286,291,305,308,318,329,319,343,337,340,334,293,274,252
2319,Kogarah Public School,350,355,357,356,342,323,329,313,322,330,324,346,379,410,428,468,473,478,478,450,466,456
2355,The Lagoon Public School,15,15,15,17,13,SP,,,,,,,,,,,,,,,,
2386,Leeton Public School,430,427,412,425,408,418,422,415,383,368,337,365,382,368,358,360,338,330,318,303,287,258
2423,Long Flat Public School,34,34,35,32,34,34,27,31,31,34,39,40,43,47,52,54,53,42,47,41,39,36
2454,Malabar Public School,243,256,269,267,254,267,249,250,256,262,267,292,284,299,300,298,300,308,312,275,255,244
2472,Maraylya Public School,96,92,102,87,89,98,84,98,110,108,111,107,111,114,103,107,118,113,113,113,115,106
2523,Menindee Central School,131,118,130,124,133,105,99,113,106,101,101,86,96,91,80,92,89,79,75,75,68,74
2540,Michelago Public School,39,36,31,30,30,27,31,22,23,29,23,26,35,38,38,38,40,38,50,47,47,45
2554,Millers Forest Public School,26,21,20,20,34,38,35,33,33,34,33,39,51,62,67,62,58,59,69,62,64,60
2621,Morisset Public School,216,222,229,218,223,218,231,245,240,243,243,243,224,233,224,199,175,165,171,159,158,156
2623,Morpeth Public School,173,165,164,171,175,178,165,169,179,199,205,208,216,219,219,232,244,240,247,247,258,262
2637,Mount George Public School,33,32,25,34,29,25,30,27,30,32,21,25,27,25,23,22,27,23,22,22,18,23
2687,Murwillumbah Public School,248,254,266,272,270,277,299,280,249,257,232,262,268,305,293,286,249,226,187,168,153,149
2688,Muswellbrook Public School,662,673,630,611,588,563,561,563,567,601,599,597,605,600,560,548,512,491,452,443,431,422
2823,Oxley Island Public School,25,28,31,38,32,35,39,41,47,37,31,32,19,SP,,,,,,,,
2838,Parklea Public School,537,558,573,611,640,671,684,670,696,730,708,711,725,702,677,686,696,722,658,662,616,566
2840,Parramatta Public School,490,500,465,484,482,507,481,522,515,564,645,686,811,938,1077,1142,1008,944,838,740,751,671
2857,Pennant Hills Public School,475,484,486,508,499,495,501,508,522,522,527,545,564,536,544,565,574,589,581,568,523,490
2904,Primbee Public School,103,92,93,91,81,85,85,78,81,88,97,101,101,117,138,141,138,128,121,100,108,88
2922,Queanbeyan Public School,756,741,742,725,719,732,768,774,749,750,776,801,769,775,773,673,658,612,520,436,370,361
2955,Repton Public School,71,79,76,84,80,77,72,72,60,65,59,62,59,73,68,59,67,67,58,62,66,63
3021,Ryde Public School,459,488,513,465,431,375,389,422,421,461,504,498,545,584,620,602,570,557,536,512,517,497
3038,Sans Souci Public School,372,431,467,486,512,512,527,523,583,572,572,611,617,631,641,633,621,624,578,558,558,523
2910,Punchbowl Public School,601,630,608,592,580,591,616,627,620,592,582,578,578,592,582,549,570,553,521,508,517,528
2919,Quambone Public School,22,23,21,22,21,25,21,23,24,24,24,24,21,14,12,13,12,8,11,9,11,8
2987,Rosebank Public School,32,45,57,67,57,61,43,39,49,54,52,51,44,43,38,36,25,21,24,26,22,20
3012,Rugby Public School,17,16,19,6,SP,SP,SP,13,16,6,8,6,SP,SP,,,,,,,,
3035,Salt Ash Public School,100,92,91,85,89,96,105,107,111,115,102,82,89,93,87,87,92,89,106,116,125,142
3060,Shellharbour Public School,441,426,424,455,450,454,480,472,457,462,451,463,479,479,482,487,467,439,435,414,380,368
3110,Stockton Public School,259,267,262,275,272,241,245,250,249,259,262,269,272,271,241,254,264,261,261,248,240,254
3162,Tarago Public School,29,38,43,42,39,33,30,39,29,36,28,33,32,40,38,31,34,34,26,36,42,52
3178,Temora Public School,245,235,227,236,217,207,198,195,218,221,223,254,261,276,266,265,253,259,248,227,211,213
3185,Terara Public School,96,91,80,88,89,85,84,87,82,85,83,85,79,88,92,94,92,89,93,90,96,96
3201,Thirroul Public School,320,316,324,321,309,318,320,319,349,366,402,433,465,472,499,489,500,447,398,370,375,367
3226,Tomerong Public School,157,166,159,149,141,156,143,125,117,121,120,129,138,149,170,160,150,168,154,140,121,116
3260,Trunkey Public School,9,8,7,8,6,8,14,15,13,18,14,18,15,13,14,14,13,11,11,12,12,14
3303,Ulmarra Public School,68,58,65,58,64,70,76,86,83,78,78,67,61,60,66,61,71,70,75,85,81,72
3428,Westdale Public School,350,360,367,376,389,411,401,405,470,502,499,517,508,508,521,501,483,470,444,397,373,370
3435,White Cliffs Public School,13,10,10,9,8,7,6,7,7,7,11,9,12,12,10,10,12,13,24,18,22,17
3510,Woonona Public School,327,347,323,348,342,351,394,404,392,430,468,500,512,533,562,594,615,616,577,578,566,519
3528,Wyong Creek Public School,20,20,21,30,30,45,59,57,61,54,62,63,65,78,84,91,85,79,84,74,83,94
3578,Pottsville Beach Public School,379,366,422,448,482,534,547,609,662,703,714,681,691,697,663,635,580,564,574,562,543,556
3635,Scotts Head Public School,82,70,77,70,58,60,68,76,82,89,99,83,82,110,115,105,109,112,94,104,95,73
3696,Soldiers Point Public School,272,262,284,292,309,322,327,331,339,344,347,371,359,344,343,323,304,307,307,280,267,267
3703,South Coogee Public School,477,484,506,532,531,539,557,535,538,524,517,495,538,523,553,548,554,548,509,450,409,376
3719,Annangrove Public School,97,98,107,107,97,91,91,70,78,76,78,65,73,72,84,108,133,139,135,143,159,142
3769,Crowdy Head Public School,16,15,12,10,9,10,11,11,12,10,9,,,,,,,,,,,
3794,Bald Face Public School,283,281,261,249,241,259,272,267,269,271,283,272,266,272,273,278,266,265,260,254,253,246
3796,Lugarno Public School,337,340,343,341,357,352,342,305,288,313,304,298,282,269,270,277,254,256,256,266,265,272
3830,Ramsgate Public School,525,531,534,509,516,501,519,513,480,508,566,535,543,570,541,537,569,542,515,480,481,447
3846,Melrose Park Public School,122,121,109,111,114,113,129,130,134,158,175,185,194,197,210,208,212,211,190,185,175,163
3855,Turramurra Public School,454,460,461,472,470,465,461,483,472,484,512,526,566,569,566,570,573,546,561,546,549,531
3862,Denistone East Public School,705,730,761,773,788,797,829,834,836,865,844,845,806,751,757,777,775,767,765,790,796,790
3869,Yagoona Public School,512,506,534,536,554,548,552,536,516,527,507,513,530,542,560,556,572,555,593,536,575,556
3873,Dobroyd Point Public School,230,245,243,238,239,241,240,228,241,243,251,260,254,240,243,227,211,184,173,139,132,116
3903,Glen Alice Public School,6,12,11,9,11,8,8,6,8,8,14,10,10,8,10,9,SP,6,6,SP,8,6
3912,Palinyewah Public School,20,25,27,28,30,23,17,15,13,15,13,12,16,8,12,12,12,14,14,15,16,20
3914,Grays Point Public School,358,343,337,328,334,346,347,341,363,387,383,394,403,399,389,381,379,376,364,335,334,353
3948,Tempe Public School,205,200,176,176,171,187,194,216,225,255,267,293,311,314,323,322,320,331,324,321,343,346
1008,Adamstown Public School,268,251,249,243,228,218,231,230,235,214,226,235,263,262,271,290,317,334,361,383,402,439
1009,Adelong Public School,92,83,89,78,80,95,98,95,88,80,81,76,81,77,68,65,61,52,47,34,28,24
1042,Annandale North Public School,339,334,358,334,353,357,390,412,413,435,419,411,398,397,400,402,397,398,391,393,382,359
1061,Artarmon Public School,661,675,672,691,667,712,765,818,861,916,980,1085,1125,1173,1175,1248,1278,1260,1237,1195,1157,1063
1075,Auburn West Public School,641,666,676,684,738,728,703,710,750,754,725,731,721,698,620,604,593,591,563,559,566,572
1076,Austinmer Public School,282,275,281,286,280,283,303,343,346,349,349,353,345,336,327,309,296,291,257,227,229,227
1109,Balldale Public School,11,13,9,9,7,,,,,,,,,,,,,,,,,
1160,Beckom Public School,11,13,13,11,13,14,15,15,13,14,17,13,11,12,10,7,8,7,SP,,,
1178,Bellbrook Public School,39,30,42,37,40,37,30,32,47,43,36,25,31,22,22,23,28,32,29,28,26,24
1191,Bendemeer Public School,22,11,9,14,18,27,31,24,23,24,21,17,17,26,24,16,17,14,16,23,34,29
1211,Berry Public School,289,282,281,267,267,266,271,267,282,299,305,321,338,339,335,325,314,316,302,279,282,268
1225,Bilbul Public School,35,42,28,27,29,24,21,14,,,,,,,,,,,,,,
1228,Bilpin Public School,114,113,113,109,107,92,95,85,74,76,58,67,67,64,58,61,58,52,51,48,39,37
1260,Blayney Public School,289,280,291,296,296,287,256,231,231,241,256,272,293,300,301,308,317,288,302,286,256,248
1275,Boggabilla Central School,128,135,128,145,115,144,150,143,119,121,100,81,79,73,66,63,72,85,85,81,80,79
1292,Bondi Beach Public School,201,202,208,223,268,276,313,344,377,460,528,543,604,630,649,618,585,533,481,413,380,348
1326,Bourke Public School,289,269,223,205,209,201,198,210,197,214,215,233,227,233,211,200,175,169,159,156,146,145
1345,Breadalbane Public School,10,14,18,18,15,11,6,8,8,10,14,12,10,7,6,10,6,7,7,8,SP,9
1358,Brighton-Le-Sands Public School,546,590,621,631,638,692,687,707,722,758,783,751,753,723,699,654,607,553,488,462,433,433
1494,Canley Vale Public School,809,810,821,804,802,826,826,853,883,903,900,896,858,861,895,888,860,827,789,782,800,752
1495,Canobolas Public School,58,71,71,77,74,80,82,90,86,87,99,115,109,109,116,126,133,133,134,139,135,136
1527,Cassilis Public School,13,14,17,10,16,14,18,22,19,16,21,13,16,11,8,9,9,10,9,11,10,11
1560,Chipping Norton Public School,260,244,207,211,219,231,229,240,264,278,308,319,333,326,342,346,333,312,320,319,332,333
1593,Collins Creek Public School,39,20,16,13,18,21,11,13,14,13,13,8,14,15,11,9,10,12,16,17,17,15
1609,Condobolin Public School,368,328,323,337,327,294,294,262,273,279,272,276,271,284,296,314,289,291,287,277,259,256
1661,Corrimal Public School,242,220,202,185,177,179,164,152,159,147,154,172,184,196,217,230,235,248,244,237,225,227
1696,Cudgen Public School,196,175,158,149,152,160,162,164,173,197,185,186,188,199,190,181,184,177,167,162,167,161
1727,Dapto Public School,670,695,710,698,735,730,707,644,616,581,622,659,682,707,713,741,744,770,750,773,775,790
1744,Dee Why Public School,226,225,231,222,236,238,225,205,222,202,214,270,310,383,415,490,554,567,570,546,516,478
1760,Doonside Public School,200,194,156,160,171,177,162,155,173,173,186,208,224,243,280,269,268,280,274,277,263,258
1761,Dooralong Public School,33,30,30,25,14,8,11,SP,,,,,,,,,,,,,,
1793,Dungowan Public School,54,57,62,50,49,52,46,43,39,34,42,31,27,15,21,22,19,20,27,33,30,26
1830,Ellerston Public School,22,23,22,18,24,20,20,22,20,21,20,22,23,24,21,23,15,13,14,14,9,11
1844,Enfield Public School,266,262,258,249,243,246,273,287,273,274,299,284,278,279,296,304,298,260,246,216,216,199
1860,Ermington Public School,424,423,419,408,412,438,465,475,452,471,481,459,447,447,416,402,415,429,450,443,459,472
1894,Fairfax Public School,6,8,9,14,12,11,10,8,8,13,10,10,12,14,11,9,8,6,SP,SP,SP,SP
1930,Forest Hill Public School,205,176,197,217,221,202,187,205,214,203,196,216,239,235,241,251,239,204,176,159,150,159
3023,West Ryde Public School,295,303,296,295,302,296,313,299,307,353,391,468,538,604,669,691,634,632,592,566,546,512
3091,Spring Ridge Public School,46,37,36,34,39,39,36,37,32,35,30,32,25,28,33,29,28,27,20,21,25,25
3122,Stratheden Public School,28,34,25,27,25,29,30,37,32,29,28,22,24,25,27,24,17,13,12,15,14,18
3124,Strathfield South Public School,772,781,792,825,830,816,813,801,806,824,806,814,805,790,801,780,717,686,630,584,504,423
3125,Stroud Public School,96,100,90,83,80,75,81,87,88,96,100,101,93,93,84,69,65,62,69,73,70,71
3157,Tamworth Public School,677,640,621,614,609,612,634,668,758,784,824,869,889,914,923,914,895,892,903,898,896,891
3208,Thurgoona Public School,396,400,371,343,357,361,374,360,371,361,402,407,438,492,575,588,595,599,617,627,620,573
3239,Toomelah Public School,56,59,60,56,58,64,62,66,41,18,30,39,41,32,36,42,45,41,43,50,44,41
3308,Unanderra Public School,537,530,521,530,521,510,496,489,482,467,457,436,413,401,381,369,371,374,378,358,354,348
3325,Vaucluse Public School,286,275,252,233,167,129,151,182,218,247,305,343,367,368,377,363,329,334,309,269,232,217
3342,Walgett Community College - Primary School,202,181,116,113,95,88,96,110,125,134,125,135,132,149,158,156,147,118,113,119,103,97
3358,West Wallsend Public School,269,237,226,209,203,209,215,223,218,216,204,191,217,220,219,234,236,239,256,266,267,268
3392,Warren Central School,255,275,274,246,252,281,264,257,213,204,194,195,210,192,203,195,179,217,249,242,233,228
3423,Wentworthville Public School,373,364,364,348,372,353,335,339,383,390,441,445,498,523,598,691,712,748,789,876,850,863
3425,Werris Creek Public School,131,135,115,87,106,116,117,116,108,122,113,108,99,113,117,109,110,88,88,78,64,68
3439,Wiangaree Public School,39,29,24,23,14,23,16,15,17,15,18,31,23,27,15,25,27,22,22,19,16,17
3459,Windsor Public School,261,256,229,217,219,217,222,201,201,197,190,192,167,157,162,155,149,136,119,108,115,125
3543,Yarramalong Public School,23,26,19,13,7,,,,,,,,,,,,,,,,,
3591,Dubbo West Public School,553,532,522,426,366,354,317,309,293,279,273,280,317,340,372,389,389,409,404,359,306,293
3640,Afterlee Public School,9,10,11,9,10,12,16,16,15,11,14,11,16,18,9,10,8,SP,,,,
3643,Stuarts Point Public School,78,75,68,57,59,58,62,65,63,55,60,55,61,52,57,57,59,58,53,52,60,53
3860,Oak Flats Public School,491,504,513,503,491,487,463,450,435,416,438,436,430,432,437,445,459,478,477,456,443,416
3874,Kahibah Public School,240,245,252,245,265,269,282,287,288,282,296,304,316,330,343,351,341,347,342,325,306,291
3924,East Hills Public School,142,140,148,148,132,152,153,150,150,140,145,168,156,184,176,173,184,173,172,165,142,130
3957,Woolooware Public School,342,341,359,373,366,376,401,416,429,444,469,467,467,497,484,508,499,499,478,476,465,462
3993,Pendle Hill Public School,230,211,183,187,212,220,236,243,245,242,247,270,293,276,279,280,295,305,295,308,330,309
4057,Birrong Public School,460,466,460,448,470,505,507,533,535,545,559,561,559,573,559,569,585,560,563,518,483,451
4058,Leumeah Public School,554,516,536,537,540,548,563,561,573,582,589,614,619,618,607,561,540,528,492,496,492,516
4059,Wattawa Heights Public School,247,239,259,249,261,226,241,219,245,255,259,246,274,254,227,199,203,206,220,207,188,196
4061,Blacktown North Public School,88,108,98,103,115,128,142,156,145,137,165,175,196,229,243,281,291,292,323,357,364,354
4144,Turvey Park Public School,342,355,363,362,375,377,372,362,360,355,354,360,367,393,384,390,395,363,353,328,297,283
4192,Bert Oldfield Public School,265,268,276,288,243,262,259,232,217,202,227,232,269,247,270,288,267,255,240,231,211,175
4209,Temora West Public School,182,159,143,150,175,156,162,153,152,143,146,135,146,146,138,131,120,108,102,119,116,122
4210,Mount Pritchard East Public School,337,323,299,261,240,221,220,236,211,196,211,229,247,247,255,244,226,236,230,220,214,214
4228,Bullarah Public School,11,8,10,SP,6,8,12,8,7,10,11,16,13,10,10,8,8,SP,9,18,14,24
4258,Lynwood Park Public School,211,196,229,257,283,316,324,347,351,328,324,291,290,295,270,241,243,246,246,238,222,223
1857,Woodport Public School,476,468,453,443,448,454,471,447,409,405,406,406,395,408,422,436,452,444,448,419,430,429
1864,Ettalong Public School,719,685,698,668,601,612,593,576,542,528,524,543,532,551,537,527,535,536,516,518,507,490
1898,Fairy Meadow Public School,446,426,433,435,421,436,410,413,401,388,374,369,374,376,355,365,365,349,342,347,347,342
2009,Glenmore Road Public School,266,279,290,295,287,285,259,270,308,320,347,348,349,354,366,364,377,397,345,320,301,263
2075,Green Valley Public School,507,504,531,512,504,491,522,502,509,483,459,469,439,432,445,439,425,410,390,391,373,365
2082,Grenfell Public School,206,203,177,173,170,163,174,168,188,217,214,205,202,194,160,161,152,164,174,178,183,173
2093,Guildford Public School,356,372,373,380,361,356,370,381,395,420,478,502,519,559,568,585,585,564,592,599,634,623
2100,Gum Flat Public School,20,19,21,38,39,43,44,37,33,33,34,31,51,27,23,23,21,19,31,27,29,29
2132,Hanwood Public School,194,197,203,209,230,235,247,243,255,242,251,258,267,266,261,244,219,202,179,178,168,154
2182,Horsley Park Public School,77,82,77,93,101,105,112,105,98,96,86,102,107,100,98,95,91,80,87,80,82,84
2193,Rathmines Public School,336,320,293,284,299,299,264,257,251,259,268,271,251,281,329,347,359,378,351,359,328,311
2198,Hurstville South Public School,419,419,445,447,421,447,429,444,441,428,481,491,497,506,528,546,530,540,538,501,500,453
2209,Inverell Public School,383,378,377,362,368,370,385,392,406,421,415,418,424,483,509,510,532,526,526,504,513,498
2243,Johns River Public School,39,17,17,18,23,32,41,36,39,33,27,14,14,18,16,11,8,10,,,,
2275,Kelso Public School,240,258,263,285,283,278,274,275,255,260,251,274,257,264,270,275,287,322,347,362,368,374
2307,Kingsgrove Public School,683,703,684,678,654,693,693,640,607,570,566,537,499,494,487,466,437,411,376,364,314,268
2327,Kootingal Public School,203,206,193,175,192,192,198,183,194,181,176,180,184,192,188,185,188,175,197,168,181,168
2334,Kulnura Public School,68,72,79,73,79,85,82,86,86,70,80,64,58,69,60,38,38,36,29,30,36,37
2359,Lake Cargelligo Central School,260,254,284,217,258,194,211,228,252,241,253,256,260,246,229,221,234,208,225,207,218,227
2407,Lisarow Public School,281,274,276,277,303,293,309,320,326,329,313,303,306,284,269,256,228,208,208,204,219,192
2482,Maroubra Bay Public School,106,97,77,77,86,105,134,161,188,205,263,305,318,320,364,371,397,429,406,359,310,269
2500,Mathoura Public School,69,68,72,70,60,63,63,58,56,56,54,58,63,60,65,64,53,53,49,50,51,52
2502,Matraville Public School,287,284,280,257,257,268,262,230,204,231,227,247,241,232,218,229,195,206,220,240,242,222
2532,Bonnells Bay Public School,458,413,377,386,382,346,340,346,350,369,376,421,437,453,471,436,430,430,400,399,394,376
2586,Mogo Public School,55,72,73,68,64,65,63,62,57,42,42,47,51,47,35,34,40,40,36,27,28,27
2593,Mona Vale Public School,834,814,856,854,796,831,828,879,883,951,1010,1071,1094,1130,1143,1131,1087,1000,844,736,696,671
2616,Moorland Public School,47,41,54,57,52,44,46,51,53,53,53,62,52,41,22,22,21,18,28,37,34,31
2618,Moree Public School,532,542,551,520,545,589,632,655,633,632,599,576,607,633,614,571,532,495,488,480,450,432
2700,Nanima Public School,11,8,SP,9,,,,,,,,,,,,,,,,,,
2709,Narrabri West Public School,270,272,263,243,238,218,219,235,241,283,284,303,322,348,327,330,325,313,301,292,262,232
2752,Nimmitabel Public School,33,27,27,27,25,37,32,22,28,24,25,32,24,30,34,32,14,14,23,22,11,11
2791,Oaklands Central School,83,74,91,78,82,69,68,79,69,77,79,82,76,66,71,64,59,67,60,54,46,36
2902,Pretty Beach Public School,149,164,161,164,151,137,143,130,126,124,135,143,170,180,181,178,183,170,173,172,167,154
2920,Quandialla Public School,116,118,96,81,58,50,38,37,28,24,29,24,19,26,22,21,22,22,19,22,14,10
2943,Raymond Terrace Public School,433,448,417,408,393,368,326,354,363,369,392,418,390,415,391,389,371,367,356,330,313,322
2950,Regents Park Public School,292,279,309,318,279,255,242,261,279,261,272,281,260,268,264,281,284,284,270,276,263,268
4077,Illawong Public School,302,289,274,247,246,255,232,211,218,225,225,215,195,204,218,197,195,193,208,205,195,191
4092,Hannans Road Public School,227,219,224,210,194,192,190,178,171,156,153,180,175,164,151,127,134,122,102,99,107,106
4110,Central Mangrove Public School,73,82,90,104,95,83,80,82,76,70,54,67,73,65,57,45,43,44,39,29,29,23
4124,Yowie Bay Public School,325,356,366,382,405,415,428,455,472,478,498,500,498,482,454,441,443,417,415,398,343,329
4126,Campbelltown North Public School,472,431,420,396,383,371,356,368,382,398,372,350,330,360,377,378,378,379,377,391,368,358
4127,Queanbeyan West Public School,436,393,420,406,379,337,364,357,408,403,387,366,422,430,470,459,481,501,474,427,407,387
4160,Kent Road Public School,254,252,245,215,252,275,285,314,360,418,471,528,595,646,747,790,858,840,889,977,1012,1007
4161,Liverpool West Public School,489,479,489,497,542,544,556,565,558,565,625,625,624,657,685,682,693,659,612,658,647,668
4177,Albert Park Public School,44,54,52,54,64,62,56,54,47,45,57,56,57,67,89,97,98,98,92,92,101,102
4193,Blacktown South Public School,725,737,772,801,790,758,772,793,802,819,868,922,960,1007,1071,1092,1091,1067,1045,1036,987,936
4208,Fennell Bay Public School,302,311,292,274,239,238,185,163,155,156,152,148,146,161,169,180,177,164,159,160,172,159
4259,Burraneer Bay Public School,565,628,625,624,658,684,685,685,679,677,688,679,644,636,616,598,614,600,586,566,552,573
4276,Thornleigh West Public School,476,465,487,533,555,552,567,562,564,543,541,552,558,588,593,618,610,586,553,545,490,477
4278,Marsden Road Public School,547,561,582,568,541,572,596,599,634,644,664,670,671,714,730,721,698,734,721,752,770,726
4292,Engadine West Public School,578,592,655,676,685,715,713,734,762,754,761,758,751,723,724,684,656,611,590,553,546,541
4293,St Ives North Public School,645,646,659,646,642,653,657,694,695,739,773,854,903,884,917,929,875,901,872,871,863,846
4311,Bardia Public School,111,121,136,141,149,140,154,155,151,171,175,215,253,320,370,510,684,862,975,975,998,953
4328,Sherwood Grange Public School,278,279,281,263,257,250,260,252,264,283,308,316,316,340,335,303,304,275,258,257,243,246
4359,Bilgola Plateau Public School,431,420,443,420,420,445,446,445,450,462,468,475,498,508,519,532,537,477,427,379,338,344
4377,Baulkham Hills North Public School,502,524,545,557,597,634,683,734,764,802,855,856,864,893,921,949,958,950,923,914,917,876
4394,Queanbeyan South Public School,647,588,526,477,467,457,433,396,383,399,355,357,371,377,394,402,424,459,483,417,422,419
4409,Koonawarra Public School,371,378,369,377,365,339,340,312,300,270,247,234,215,228,230,220,236,236,204,205,194,192
4427,Niagara Park Public School,671,600,599,555,523,497,490,471,491,494,505,512,526,547,555,555,564,548,515,488,458,412
4428,Southern Cross Public School,991,1017,1106,1064,1073,1120,1170,1256,1251,1354,1407,1534,1550,994,377,384,396,376,372,367,362,388
4442,Emu Heights Public School,331,330,305,308,322,321,327,328,319,317,322,335,330,335,324,312,292,278,251,253,242,237
4460,Curran Public School,304,289,256,215,247,236,241,262,264,277,282,273,261,266,265,252,255,262,264,291,283,275
4462,Figtree Heights Public School,207,207,205,207,200,201,211,216,223,214,241,249,244,240,240,232,229,215,201,194,183,181
4475,Leonay Public School,169,176,206,216,219,230,212,217,204,203,203,221,236,256,268,272,252,226,208,212,191,191
4476,Shalvey Public School,564,550,523,515,486,477,434,397,374,350,340,324,314,298,278,281,274,278,267,254,245,258
4492,Woodland Road Public School,362,332,318,286,278,278,242,228,219,213,224,255,253,267,274,270,296,289,285,258,268,275
4493,Noumea Public School,569,532,499,452,416,388,359,342,277,279,270,266,284,285,288,277,293,264,255,256,274,260
4494,Hampden Park Public School,693,631,654,720,780,706,684,690,694,725,677,703,718,769,804,886,879,878,872,865,805,859
4526,Matthew Pearce Public School,800,859,886,880,870,868,899,976,1037,1153,1189,1260,1344,1404,1458,1446,1382,1397,1365,1296,1288,1270
4527,Clairgate Public School,471,487,474,447,424,415,381,385,384,401,390,390,403,407,416,428,443,412,386,383,390,409
4543,Wilkins Public School,325,365,377,423,448,472,528,552,590,626,676,674,665,652,639,607,592,547,516,516,512,508
2097,Gulgong Public School,322,302,271,254,211,203,192,206,225,223,247,289,288,304,331,344,315,317,309,294,281,283
2161,Hill End Public School,16,16,15,16,13,13,9,6,6,SP,10,13,12,8,8,9,7,10,10,12,10,14
2211,Iona Public School,45,39,37,39,42,46,49,65,65,69,71,64,65,54,46,48,47,57,56,56,43,47
2212,Islington Public School,52,50,50,66,67,71,81,75,72,86,113,112,121,137,152,164,167,157,170,163,164,159
2312,Kingswood Public School,316,294,286,286,303,316,323,317,331,332,348,385,411,424,442,499,529,539,554,506,519,499
2314,Kirkton Public School,66,63,50,55,51,54,58,58,63,54,53,56,41,37,21,20,21,28,28,36,27,45
2345,Woodford Dale Public School,15,20,13,14,8,10,14,12,,,,,,,,,,,,,,
2363,Lake Wyangan Public School,68,79,83,81,92,89,95,96,101,105,123,123,115,127,118,100,91,86,70,67,46,43
2379,Lawrence Public School,107,92,86,82,79,80,80,75,84,82,72,71,62,69,68,59,54,62,62,48,42,52
2395,Lightning Ridge Central School,480,453,450,415,412,389,394,385,380,417,399,401,370,363,351,348,330,335,349,340,349,311
2448,Maimuru Public School,40,31,45,40,37,29,24,23,36,34,24,18,14,15,17,14,14,18,20,16,15,13
2465,Manildra Public School,29,38,35,36,36,46,43,34,34,28,25,35,38,43,51,61,65,61,54,48,39,39
2496,Marulan Public School,113,129,105,98,110,107,130,127,121,112,87,102,119,99,93,99,101,102,104,115,126,140
2515,Megalong Public School,16,14,18,16,13,13,17,16,16,15,15,15,13,13,8,7,SP,SP,9,7,6,SP
2531,Merrylands Public School,324,327,320,319,302,302,324,315,329,364,365,417,442,501,537,563,554,574,568,594,598,620
2581,Mittagong Public School,421,397,364,369,388,388,390,384,379,414,431,467,491,517,574,598,567,541,516,495,515,536
2647,Mount Pleasant Public School,50,60,58,59,64,61,62,57,60,54,52,53,56,64,68,61,53,50,57,53,56,56
2680,Murrami Public School,33,37,31,34,34,34,28,28,31,31,24,,,,,,,,,,,
2695,Nabiac Public School,211,222,246,242,235,227,215,215,186,167,185,205,189,199,216,217,204,178,167,165,156,165
2696,Nambucca Heads Public School,288,291,292,258,263,259,256,250,235,250,244,278,256,293,301,307,270,233,208,197,198,156
2699,Nangus Public School,16,13,15,14,12,13,16,28,33,32,31,36,34,26,25,22,14,10,12,9,10,10
2731,Nevertire Public School,17,SP,,,,,,,,,,,,,,,,,,,,
2749,Nicholson Street Public School,129,135,123,126,130,128,142,151,152,163,169,156,153,167,170,168,130,117,97,94,93,95
2780,Numulgi Public School,6,SP,,,,,,,,,,,,,,,,,,,,
2796,Oatley Public School,339,340,330,334,358,333,364,375,403,441,477,506,528,533,547,530,497,471,458,430,382,365
2797,Oberon Public School,274,283,271,266,259,263,231,235,247,231,225,244,255,242,240,217,236,224,219,216,215,218
2799,Old Bar Public School,354,353,308,284,299,301,353,350,360,398,424,445,469,498,512,516,524,526,496,527,507,480
2812,Orange Grove Public School,112,113,127,133,120,135,167,187,217,269,314,345,381,428,477,496,525,523,499,519,509,519
2829,Palmers Island Public School,107,100,96,78,86,74,80,67,56,56,61,53,56,46,47,48,38,38,44,48,51,56
2896,Port Kembla Public School,198,201,203,203,207,234,225,225,215,219,237,252,272,274,277,281,276,240,238,242,247,278
2899,Port Macquarie Public School,691,585,555,519,480,443,428,430,415,415,438,436,442,442,432,434,434,445,429,417,442,451
2933,Rand Public School,30,28,27,23,19,15,14,15,19,18,20,18,21,22,23,27,27,37,31,30,31,30
2948,Red Range Public School,41,36,35,41,39,28,18,26,19,16,28,51,56,50,46,42,40,34,34,31,32,28
3013,Rukenvale Public School,32,38,34,31,31,27,31,28,24,20,15,10,14,9,11,SP,9,SP,,,,
3046,Schofields Public School,322,321,300,271,280,270,295,288,291,339,355,308,298,341,448,619,773,867,957,1022,1067,1119
3048,Seaham Public School,239,240,243,236,240,218,219,210,220,219,220,197,202,190,202,205,208,200,188,174,171,156
3163,Taralga Public School,58,62,63,71,66,64,56,57,53,49,44,38,31,34,32,27,35,31,24,23,15,11
1130,Baradine Central School,131,123,167,129,117,105,101,105,120,117,114,89,109,109,107,120,126,126,119,117,111,101
1146,Baryulgil Public School,20,18,12,14,14,13,11,SP,8,SP,SP,SP,9,10,10,12,11,11,9,10,11,14
1148,Bass Hill Public School,360,354,342,351,347,348,349,336,360,393,399,399,354,362,369,375,384,362,364,402,373,346
1164,Bedgerabong Public School,37,34,44,32,30,31,38,34,33,44,54,57,55,48,42,36,41,41,41,36,34,31
1196,Ben Lomond Public School,9,10,15,8,10,9,15,19,12,11,13,8,7,6,14,14,11,20,14,13,16,SP
1207,Berrigan Public School,100,102,97,97,75,80,77,78,76,77,79,87,82,84,76,71,79,68,66,57,57,66
1223,Bigga Public School,13,13,12,13,15,18,10,7,7,6,6,SP,13,11,12,8,8,10,10,11,11,15
1287,Bomaderry Public School,428,429,358,318,296,266,256,263,278,271,286,292,332,315,328,345,354,386,399,396,407,406
1296,Bonshaw Public School,6,SP,10,10,16,17,16,21,14,14,10,14,14,13,13,13,16,7,SP,13,SP,8
1321,Bossley Park Public School,438,396,357,331,322,320,344,375,397,441,435,426,413,429,398,414,410,379,344,306,278,265
1346,Colo Heights Public School,43,47,44,38,42,40,35,43,38,38,46,48,53,47,42,41,33,28,32,28,24,29
1464,Bylong Upper Public School,7,11,8,8,9,9,6,SP,SP,SP,6,,,,,,,,,,,
1471,Cabbage Tree Island Public School,29,26,28,27,26,31,24,20,19,21,19,16,14,16,25,29,38,32,30,23,23,21
1564,Clarence Town Public School,183,176,163,176,179,177,152,158,155,143,131,128,126,136,124,140,128,135,136,130,150,158
1573,Clovelly Public School,550,539,558,573,559,553,541,492,504,533,545,570,582,596,592,599,602,556,494,473,507,513
1580,Cobbitty Public School,202,184,182,171,186,189,174,204,221,215,241,255,250,274,289,315,316,325,311,335,346,360
1698,Culcairn Public School,134,124,109,101,99,107,117,117,116,118,124,108,111,119,121,114,113,110,110,96,96,94
1707,Cumnock Public School,60,60,51,41,33,62,52,60,62,55,52,53,52,54,46,46,45,47,48,46,54,47
1873,Eumungerie Public School,24,22,16,12,13,18,17,15,15,17,19,19,19,20,9,8,13,11,12,12,8,11
1891,Exeter Public School,89,95,98,89,82,91,83,86,68,77,74,98,113,131,140,142,139,120,124,121,118,123
1932,Forest Lodge Public School,254,275,268,286,281,277,282,309,310,316,312,307,323,347,333,340,356,350,324,317,309,307
1982,Gillieston Public School,87,95,82,88,93,82,87,95,121,143,151,164,152,171,165,204,215,258,297,341,362,404
1991,Gladstone Public School,58,56,27,48,44,38,47,49,34,21,24,30,39,49,40,31,25,23,13,12,18,19
2066,Granville South Public School,168,145,160,159,155,183,183,197,229,251,261,284,306,323,329,336,348,323,321,317,323,323
2068,Gravesend Public School,28,28,29,28,37,34,27,25,27,30,31,30,37,35,41,29,23,21,21,21,21,23
2116,Gymea Bay Public School,804,777,784,767,774,789,816,824,841,865,873,867,870,816,817,806,788,780,779,756,745,763
2223,Jennings Public School,23,22,20,24,32,24,20,15,20,19,13,15,15,14,14,11,19,21,16,19,17,10
2234,Jesmond Public School,205,191,183,187,189,200,155,172,169,166,162,170,184,191,196,179,209,189,192,213,208,216
2248,Junee North Public School,168,172,167,150,167,158,168,184,184,181,176,171,164,162,173,159,142,137,128,113,104,111
2341,Kurnell Public School,183,174,182,159,172,180,180,186,196,204,210,215,207,203,197,196,206,215,215,234,221,211
2343,Kurrajong East Public School,143,146,142,137,131,129,122,122,114,90,70,67,65,53,59,68,82,83,89,84,87,81
2391,Leura Public School,339,343,332,319,320,283,284,307,309,276,273,281,262,265,248,234,232,217,211,222,222,199
2418,Lockhart Central School,170,203,165,168,167,148,134,113,87,83,94,102,88,91,100,85,77,71,76,81,91,88
2432,Lue Public School,12,9,12,17,22,23,22,23,24,22,23,22,22,18,17,22,25,30,23,26,21,26
2493,Martins Creek Public School,12,SP,7,8,10,13,16,14,17,6,6,6,9,15,8,9,7,SP,SP,SP,SP,SP
2507,Mayfield West Public School,317,323,314,303,288,267,266,292,294,308,319,322,357,387,368,362,324,312,304,308,323,342
3249,Tottenham Central School,134,153,153,174,169,105,103,105,102,98,95,93,90,88,89,82,72,73,71,71,64,71
3316,Urbenville Public School,31,28,27,26,34,23,29,26,24,25,28,27,15,12,9,12,10,16,22,15,10,8
3364,Wamoon Public School,45,40,32,39,34,36,38,36,39,33,36,28,31,31,30,35,30,37,33,31,24,16
3382,Warialda Public School,200,174,167,158,150,162,156,161,156,132,137,152,165,182,190,207,206,234,230,214,215,192
3415,Weethalle Public School,40,49,46,52,46,46,35,34,29,28,31,29,23,23,23,20,19,15,19,13,12,9
3431,Weston Public School,204,186,188,183,176,187,163,177,192,190,185,187,186,184,183,196,235,243,252,262,274,270
3564,Edgeworth Public School,471,485,497,500,509,526,532,531,552,573,585,589,618,589,575,610,617,657,647,679,645,647
3566,Zig Zag Public School,92,85,83,56,49,41,45,49,70,74,81,82,90,97,88,87,90,100,106,99,108,120
3615,Kemps Creek Public School,187,201,188,172,172,175,169,162,165,154,160,165,167,160,138,150,134,119,119,123,116,114
3765,Bundeena Public School,212,183,163,147,166,171,177,185,195,191,194,187,189,204,190,193,188,190,189,180,171,174
3833,Wahroonga Public School,517,573,608,650,681,688,675,673,689,728,723,717,722,714,732,696,703,686,639,574,528,508
3867,Lake Illawarra South Public School,294,288,270,263,283,270,274,261,260,244,249,241,237,241,235,216,200,195,198,196,186,177
3932,Waratah West Public School,76,75,68,89,76,77,70,80,71,63,65,74,80,81,84,89,83,96,89,104,108,113
3949,Maitland Public School,335,371,377,360,367,350,343,335,297,303,338,335,356,380,431,458,460,444,453,433,410,405
3950,Manly Village Public School,311,358,402,432,465,518,541,578,640,674,689,712,725,697,720,704,707,668,579,574,566,532
3951,Marrickville West Public School,250,225,200,212,232,246,270,233,258,270,274,286,335,364,398,414,410,412,414,425,417,411
4000,Guildford West Public School,513,511,503,487,484,499,462,468,446,463,444,455,436,415,402,391,367,362,366,363,378,366
4016,Revesby South Public School,339,335,314,315,305,285,284,309,307,317,311,318,323,334,337,353,351,333,319,317,339,312
4018,Gunnedah South Public School,540,503,472,464,468,461,449,475,527,574,610,618,614,634,629,636,614,607,571,589,543,533
4050,Point Clare Public School,432,437,432,411,424,441,464,478,496,530,523,511,504,530,523,526,527,528,496,489,489,479
4067,Matraville Soldiers Settlement Public School,301,289,273,262,255,224,204,208,200,204,220,213,208,228,235,242,220,190,172,150,120,114
4084,Lilli Pilli Public School,447,443,410,406,375,358,366,391,390,389,379,371,362,372,368,380,384,384,385,371,355,323
4085,Lismore Heights Public School,254,243,221,245,224,201,215,225,246,259,231,231,231,227,231,240,248,254,231,206,199,203
4117,Warnervale Public School,273,254,267,269,299,353,350,406,429,456,443,447,479,496,534,561,598,607,559,525,465,442
4183,Budgewoi Public School,697,677,610,622,581,589,577,572,547,557,558,540,562,565,548,539,523,524,552,569,570,555
4185,Valentine Public School,471,479,488,495,514,514,491,484,464,470,514,538,560,566,578,573,579,569,572,554,527,510
4200,Allambie Heights Public School,374,368,365,376,382,386,408,433,458,478,518,518,551,562,579,555,540,508,488,442,440,406
4250,Randwick Public School,451,463,505,534,557,586,625,676,706,765,798,841,881,923,945,958,966,973,968,938,878,853
4266,Lakelands Public School,331,319,319,310,300,291,279,304,290,290,312,299,318,307,319,327,339,334,343,355,362,370
4268,Griffith East Public School,414,421,452,438,466,484,473,499,500,515,518,528,552,571,559,569,552,523,520,505,511,500
4285,Bennett Road Public School,569,555,503,499,489,470,476,463,463,472,501,518,526,503,567,594,627,627,622,660,665,646
4318,Hillsborough Public School,240,254,260,263,263,261,250,273,261,292,283,289,281,280,259,268,243,219,213,205,182,164
4319,Sadleir Public School,274,254,250,287,300,310,291,301,273,278,264,307,306,335,329,338,338,330,340,317,315,351
4333,Warilla North Public School,219,189,150,118,118,113,111,96,108,109,129,160,156,151,154,157,168,135,128,136,139,167
4336,Heckenberg Public School,286,270,276,261,248,217,219,225,207,229,220,221,213,215,215,207,208,202,203,228,226,209
4371,Queanbeyan East Public School,165,153,146,140,149,157,171,166,187,161,158,181,192,198,232,260,263,287,289,286,263,280
4405,Beresford Road Public School,336,373,382,389,380,374,389,401,434,438,468,540,590,643,677,701,695,683,656,668,634,580
4446,Dawson Public School,401,363,372,347,364,332,343,344,351,347,323,307,293,303,289,299,304,319,290,276,280,293
4464,Sanctuary Point Public School,518,509,475,475,448,452,458,464,476,489,494,499,512,489,483,463,465,444,436,425,429,408
4466,Mawarra Public School,423,399,406,391,382,405,395,388,406,405,417,430,450,444,430,426,406,383,371,342,368,386
4496,Dulwich Hill Public School,504,491,512,504,513,499,503,496,529,527,540,517,505,495,493,480,466,440,404,381,370,358
4516,Eastlakes Public School,203,213,215,201,196,211,200,212,209,208,212,193,194,164,170,197,201,172,183,167,166,154
4521,Metford Public School,423,410,409,369,347,340,350,325,323,295,305,293,295,304,305,313,341,320,306,293,274,265
4523,Springdale Heights Public School,159,143,158,166,149,156,152,163,171,169,156,165,166,164,169,173,163,187,197,190,211,223
4532,Wyong Grove Public School,181,159,166,161,153,143,130,115,111,87,,,,,,,,,,,,
4539,Thomas Acres Public School,638,595,565,569,581,566,515,518,514,511,511,532,522,533,552,512,530,485,484,465,497,495
4564,Wirreanda Public School,534,545,598,588,576,554,529,575,564,573,570,555,580,610,617,605,618,612,602,572,543,530
4566,Brooke Avenue Public School,483,452,433,457,440,432,423,442,441,483,467,451,464,462,449,444,477,488,442,437,425,420
4571,Banks Public School,449,423,418,419,411,392,357,330,324,307,324,359,355,370,391,380,393,388,384,396,403,417
4573,Tharawal Public School,347,331,321,308,316,334,339,350,352,355,360,346,336,349,355,376,378,358,356,352,353,328
4591,Glenmore Park Public School,612,603,601,607,618,638,637,639,614,594,633,648,661,672,659,673,660,642,632,540,479,455
4598,Hassall Grove Public School,812,810,802,800,803,781,767,761,783,774,775,788,776,763,736,727,701,695,656,641,612,623
4616,Buninyong Public School,414,371,347,281,240,213,209,222,270,268,287,294,309,327,344,384,388,395,418,432,440,436
4630,Beaumont Hills Public School,578,550,569,580,583,591,585,576,611,608,608,596,592,622,661,620,616,602,556,557,499,466
4632,Bogangar Public School,266,311,299,301,303,274,275,264,256,268,267,266,275,266,281,301,344,369,337,338,335,325
4639,Kellyville Ridge Public School,170,303,362,469,537,609,676,713,771,831,847,839,833,840,821,802,780,770,723,686,671,671
4650,Wilton Public School,,,,,,,,37,81,136,198,266,334,394,450,462,474,503,511,544,599,666
4655,Victoria Avenue Public School,,,,,,,,,,,,88,177,236,259,270,278,272,264,290,362,340
4675,Porters Creek Public School,,,,,,,,,,,,,,,,,,,132,215,272,317
4682,Gregory Hills Public School,,,,,,,,,,,,,,,,,,,,233,459,647
5191,Hornsby South Public School,328,335,345,364,389,439,453,463,477,491,514,571,588,643,682,658,668,616,566,555,557,534
5550,Willans Hill School,66,60,60,54,58,67,68,69,67,64,70,68,66,65,62,62,60,58,66,67,69,71
5577,Mian School,9,11,21,24,27,28,28,25,25,24,23,18,22,19,23,23,22,17,13,14,24,24
5625,Anson Street School,66,77,81,80,81,86,86,82,88,94,98,98,104,122,119,131,129,127,124,129,131,134
5675,Sir Eric Woodward Memorial School,51,50,56,44,43,57,62,66,66,71,71,79,75,75,78,77,80,80,79,65,63,75
5684,Tangara School,25,23,23,25,25,24,25,21,23,25,21,24,25,30,32,29,25,31,36,41,41,48
5686,Lakeside School,46,40,43,47,40,41,37,43,44,42,44,44,42,45,43,47,46,47,46,47,52,58
5759,Canterbury Vale School,,,,19,16,17,20,19,20,19,17,15,21,23,18,23,23,21,24,30,39,36
5766,Yandelora School,,,,,,,,,,,,,,,,54,99,101,100,102,102,118
7404,Balmain Public School,213,183,172,167,176,170,174,193,230,253,272,304,335,346,368,379,383,363,352,343,335,321
7413,Daceyville Public School,324,329,318,301,289,282,268,254,229,245,230,261,279,277,287,269,268,235,192,155,138,126
8101,Albury High School,1007,996,1012,1029,1055,1048,1068,1071,1085,1083,1049,1007,997,962,974,992,1006,964,965,923,899,910
3165,Tarcutta Public School,72,66,60,52,39,34,28,25,18,11,10,17,11,13,12,17,24,13,14,16,21,22
3200,Thirlmere Public School,414,415,435,420,398,387,384,369,353,355,367,375,385,368,380,374,344,340,357,377,360,401
3213,Tighes Hill Public School,168,152,158,171,164,169,179,214,217,238,259,277,319,327,357,369,367,367,359,362,361,358
3247,Toronto Public School,190,196,203,201,191,196,213,193,187,196,205,195,176,163,164,175,191,202,214,203,190,201
3314,Urana Public School,66,76,56,46,39,42,39,41,43,45,30,28,19,13,8,8,7,SP,13,12,10,9
3333,South Wagga Public School,296,318,313,308,310,307,302,301,310,300,306,315,315,324,333,332,304,275,279,247,261,266
3334,Waitara Public School,557,554,549,582,609,602,622,643,618,614,659,693,732,862,926,978,1070,1055,1031,1032,1023,972
3365,Wanaaring Public School,17,17,17,12,7,8,13,13,9,10,7,8,10,10,9,10,11,11,12,10,8,7
3449,Willoughby Public School,697,694,731,767,778,810,857,912,943,954,994,1045,1091,1079,1046,1047,1003,982,939,911,903,905
3482,Wombat Public School,24,31,32,30,20,30,35,32,40,26,17,23,27,27,26,18,19,26,25,22,19,20
3501,Woolbrook Public School,21,23,20,19,15,14,13,13,22,22,17,20,16,10,18,16,8,9,10,9,9,11
3549,Yass Public School,210,196,199,185,194,213,197,204,225,235,231,248,258,286,298,323,344,352,348,329,318,305
3668,Cronulla South Public School,276,279,279,290,304,299,300,311,336,339,341,349,323,319,333,301,260,263,251,259,259,261
3698,Chester Hill Public School,596,578,597,610,580,575,528,518,552,536,582,630,657,660,671,692,687,647,626,605,573,578
3798,New Lambton South Public School,317,327,320,311,320,344,346,378,393,413,431,460,453,453,462,484,479,472,456,457,457,462
3851,Wallsend South Public School,465,514,544,568,561,576,585,558,553,554,561,549,554,559,533,516,544,559,557,561,567,583
3866,Towradgi Public School,102,108,104,91,95,96,101,118,122,147,164,160,160,153,159,159,174,184,164,157,136,134
3883,Westmead Public School,733,837,840,855,923,915,907,970,1037,1090,1190,1203,1271,1499,1653,1638,1464,1227,1065,865,750,717
3885,Mount Colah Public School,381,390,387,394,380,355,368,369,390,400,419,428,449,445,464,467,452,448,473,471,459,442
3918,Killara Public School,290,267,236,218,219,225,250,272,303,321,360,384,440,447,428,432,445,409,365,355,304,273
3919,Castle Cove Public School,336,339,369,376,375,406,438,455,467,481,490,488,459,470,463,442,447,417,361,338,310,273
3935,Crown Street Public School,231,220,242,252,263,278,287,278,283,264,272,280,278,283,296,292,308,321,322,310,318,288
3968,Speers Point Public School,170,179,170,170,147,147,152,154,125,120,114,108,111,117,138,155,167,213,235,256,253,256
3969,Errowanbang Public School,12,14,9,9,11,13,22,37,30,13,11,,,,,,,,,,,
3983,Canley Heights Public School,657,640,624,572,585,572,538,564,556,558,607,593,554,567,534,513,529,505,509,519,528,529
3984,Balgowlah North Public School,388,414,413,418,433,470,509,542,577,623,612,641,634,609,607,568,510,474,433,399,422,381
3985,Gordon East Public School,249,239,259,279,272,279,293,300,323,359,352,339,347,335,326,314,321,308,304,271,228,195
3999,Richmond Public School,298,290,267,263,263,291,326,342,347,351,334,359,349,364,364,369,329,315,310,300,290,298
4017,Booragul Public School,244,245,248,244,246,250,251,262,251,247,236,228,220,224,212,204,195,210,218,221,220,206
4034,Eleebana Public School,501,470,464,472,454,494,491,519,543,564,591,607,623,626,596,584,563,517,516,530,509,506
4049,Mount Kuring-gai Public School,162,148,162,167,168,153,152,143,144,152,154,156,166,172,177,180,183,174,168,154,149,132
4100,Forbes North Public School,199,206,210,224,213,226,255,257,267,283,296,305,297,283,274,268,249,249,236,241,219,203
4101,Murwillumbah East Public School,277,289,304,340,347,355,341,316,320,320,337,318,305,296,260,236,247,235,208,182,160,152
4118,Moree East Public School,285,272,251,220,169,157,130,121,115,132,123,111,131,124,155,148,173,182,211,209,197,230
4136,Garden Suburb Public School,248,246,277,274,261,253,246,231,206,176,193,219,233,216,212,215,209,212,215,215,223,227
4151,Tower Street Public School,249,219,220,211,237,206,195,177,171,181,179,174,189,200,197,205,203,188,164,136,166,154
3041,Savernake Public School,22,22,17,15,15,14,11,17,19,24,19,16,15,9,10,SP,SP,,,,,
3073,Smithfield Public School,508,504,473,477,470,436,427,441,424,453,474,479,517,540,579,600,594,584,547,551,530,517
3075,Smithtown Public School,99,97,101,78,76,74,72,64,63,79,76,82,67,64,62,67,75,69,77,77,69,54
3123,Strathfield North Public School,533,568,554,561,576,604,633,651,646,681,682,657,666,614,573,526,489,489,518,558,534,508
3156,Tambar Springs Public School,15,14,15,12,9,12,10,12,8,9,7,9,6,SP,6,SP,6,9,8,9,7,
3158,Tamworth West Public School,245,213,195,192,184,175,168,192,226,246,273,295,335,376,385,385,395,398,389,374,358,370
3173,Tathra Public School,216,221,193,177,176,175,169,174,163,167,180,190,201,213,229,206,208,197,180,180,183,171
3175,Tea Gardens Public School,200,211,221,218,239,242,254,233,227,225,214,186,178,176,187,186,163,168,152,148,145,130
3189,Terranora Public School,338,330,335,359,385,413,448,446,448,443,425,426,460,453,446,418,400,373,357,325,284,286
3190,Terrey Hills Public School,249,259,274,271,254,247,244,242,213,224,221,225,234,249,243,236,237,222,202,206,206,183
3222,Tirranna Public School,23,14,12,15,14,21,23,14,13,11,21,18,16,12,24,20,9,8,12,11,6,
3240,Toongabbie Public School,578,519,515,527,513,552,599,613,636,635,641,667,652,636,630,604,576,527,477,429,419,381
3272,Tullibigeal Central School,81,76,61,58,56,54,52,59,47,44,48,50,53,47,58,57,53,39,42,43,42,33
3305,Ultimo Public School,243,255,262,261,264,273,304,302,292,327,325,309,283,287,290,314,379,408,439,464,478,483
3340,Walcha Central School,390,394,388,376,368,340,327,318,301,278,276,269,254,260,262,267,270,258,255,274,270,230
3357,Wallsend Public School,254,261,269,231,223,231,251,258,267,265,279,256,261,261,285,275,256,257,260,262,263,252
3441,Wilberforce Public School,272,279,262,274,299,289,327,331,335,339,330,317,322,342,351,340,350,340,338,345,336,326
3442,Wilcannia Central School,119,98,88,93,108,101,109,120,93,85,83,72,73,66,66,62,59,78,74,68,62,65
3474,Wollombi Public School,8,8,7,6,6,SP,6,10,6,SP,SP,,,,,,,,,,,
3475,Wollongbar Public School,239,237,250,239,226,212,225,225,222,207,225,265,290,299,310,307,290,293,293,265,248,243
3490,Woodburn Public School,142,142,130,122,108,106,114,103,107,111,112,121,125,125,140,144,140,132,125,131,109,97
3491,Woodenbong Central School,251,269,268,247,243,242,220,210,240,224,195,164,171,190,186,190,209,175,135,140,158,159
3506,Woolomin Public School,32,33,33,30,26,25,27,32,36,36,21,23,30,34,33,32,27,24,22,20,15,11
3525,Wyndham Public School,46,52,48,38,36,27,19,22,23,22,20,23,21,21,26,22,21,24,27,22,23,27
3559,Yetman Public School,36,35,30,26,25,19,28,24,31,27,31,23,20,19,23,13,15,14,15,13,9,7
3593,Oyster Bay Public School,385,375,348,369,361,351,344,366,374,396,400,407,416,427,429,425,412,423,419,415,408,416
3626,Enngonia Public School,33,29,21,17,16,18,10,11,12,15,16,16,18,21,17,25,24,22,16,13,15,11
3659,Sussex Inlet Public School,317,317,318,289,299,278,243,226,212,205,215,216,232,238,234,228,238,222,227,235,260,255
3673,St Georges Basin Public School,361,347,357,368,338,347,381,405,419,417,420,409,435,428,418,420,390,380,378,366,353,365
3741,Goulburn West Public School,372,325,320,307,310,321,337,335,366,362,396,402,423,427,428,425,403,400,389,395,397,373
3743,Riverwood Public School,140,128,109,101,94,89,91,79,74,64,65,87,98,110,125,99,104,117,113,109,106,126
3760,Upper Coopers Creek Public School,29,24,22,20,13,18,18,14,12,10,12,14,9,10,10,11,13,13,11,7,6,10
3777,Pymble Public School,511,495,494,527,532,561,587,587,576,608,648,651,657,662,622,643,616,582,589,600,585,519
3792,Avalon Public School,853,869,827,830,843,834,832,850,880,854,865,867,871,901,918,914,936,911,877,805,750,666
3808,Chullora Public School,338,324,340,326,343,348,365,356,355,330,328,314,327,307,301,315,346,378,378,394,387,430
3824,Bathurst West Public School,371,369,368,363,373,373,372,390,388,407,396,415,412,431,475,496,502,507,533,541,552,515
4367,Caves Beach Public School,428,421,392,365,350,360,383,386,378,376,395,405,406,404,408,415,407,402,384,384,360,349
4368,Wakehurst Public School,305,310,309,319,331,318,334,329,349,378,384,389,370,354,363,360,383,384,402,402,405,407
4386,Killarney Heights Public School,409,440,461,497,542,571,592,595,590,648,673,705,723,691,697,678,656,681,660,663,688,661
4418,Edward Public School,258,269,259,255,242,231,217,191,196,195,174,180,165,141,139,134,118,111,116,106,103,105
4420,Nuwarra Public School,362,336,287,303,283,277,265,259,302,344,365,353,354,396,428,438,468,465,496,502,513,508
4433,Wideview Public School,389,360,355,338,328,342,349,348,358,364,369,395,395,394,402,403,398,396,354,331,321,321
4435,Mount Riverview Public School,157,169,163,157,157,159,174,172,179,177,196,214,227,218,215,216,231,215,212,219,236,231
4452,Hobartville Public School,512,541,513,497,492,481,460,448,427,427,442,422,391,365,368,340,330,326,321,342,353,355
4484,Cambridge Gardens Public School,415,381,367,334,316,280,269,272,284,307,325,354,374,409,457,477,475,431,412,396,357,341
4485,Culburra Public School,245,218,225,222,225,228,226,220,211,208,210,188,202,212,183,179,186,185,174,177,204,219
4486,Singleton Heights Public School,620,608,585,587,559,592,593,610,601,589,594,597,573,571,575,548,507,516,528,498,496,468
4517,Gorokan Public School,642,583,599,575,565,543,531,521,509,517,497,542,577,567,609,580,563,566,566,596,600,620
4534,Orama Public School,21,24,30,26,31,24,30,35,32,26,24,28,26,20,23,28,25,34,37,38,32,32
4537,Rosemeadow Public School,650,648,615,592,547,514,527,559,566,632,635,665,699,728,745,758,745,746,712,676,711,724
4567,Governor Philip King Public School,824,771,750,746,743,728,702,669,654,606,621,575,562,591,587,613,619,605,585,556,530,568
4569,Robert Townson Public School,667,613,608,572,582,596,573,574,579,561,558,537,554,541,528,564,560,559,478,460,451,430
4587,Dubbo School of Distance Education,257,263,294,330,332,297,295,381,377,463,472,467,449,436,396,346,245,237,213,188,193,183
4602,William Bayldon Public School,230,223,214,234,231,206,197,176,206,228,214,193,196,197,217,202,186,183,175,160,153,159
4651,Oran Park Public School,,,,,,,,,,,124,290,469,786,1150,1512,1591,1542,1452,1414,1369,1407
4654,Lake Cathie Public School,,,,,,,,,,,,90,143,223,287,307,323,371,379,390,390,395
4668,Smalls Road Public School,,,,,,,,,,,,,,,,,55,173,285,373,443,494
5103,Arncliffe West Infants School,57,63,66,50,56,69,80,88,91,70,55,60,74,89,116,148,152,117,124,120,113,86
5120,Yeo Park Infants School,63,66,73,64,64,57,59,61,80,96,89,75,76,59,52,53,46,48,49,53,50,48
5172,Murwillumbah South Infants School,61,36,29,26,31,23,15,19,15,23,17,10,,,,,,,,,,
5188,Sefton Infants School,57,60,60,53,59,42,59,67,74,80,87,89,90,90,106,103,111,106,100,74,74,93
5220,Lansvale Public School,549,565,572,560,604,603,619,612,623,671,672,648,664,679,714,715,710,705,677,638,579,524
5236,Granville East Public School,375,377,365,353,356,363,362,371,395,378,367,368,357,358,354,324,305,282,272,264,261,259
5573,Caldera School,13,18,21,20,26,30,18,19,19,21,20,27,26,27,29,26,26,24,23,27,26,24
5606,Cairnsfoot School,82,81,84,83,85,88,97,102,103,105,105,105,107,106,106,101,102,103,103,103,102,99
5621,Kurrambee School,91,100,101,104,105,111,107,110,109,108,109,107,107,105,107,104,107,105,105,109,109,104
5653,Wewak Street School,59,56,55,54,55,46,44,52,56,58,64,62,59,69,67,60,61,68,64,68,67,67
5656,Arranounbai School,19,14,9,21,22,25,28,31,28,37,45,45,53,49,40,38,40,40,36,36,34,34
5670,Karonga School,61,63,65,58,64,72,68,86,85,75,74,73,71,87,73,80,80,82,87,83,90,89
5687,Hunter River Community School,49,40,47,49,46,51,51,53,56,57,56,62,65,65,66,64,70,73,75,72,72,70
5721,Mary Brooksbank School,49,51,56,49,55,69,65,69,65,71,82,83,86,85,84,82,102,108,110,107,114,123
5737,Edgeware School,25,29,22,22,24,23,25,26,27,24,33,33,20,22,19,20,29,28,22,35,31,31
1943,Frederickton Public School,151,162,165,158,168,162,157,171,177,169,161,143,151,161,180,147,138,141,150,127,128,130
1994,Glenbrook Public School,302,298,277,266,268,271,257,240,251,274,269,279,268,289,285,296,307,325,328,358,355,338
2111,Gunning Public School,60,55,61,61,65,62,55,60,42,48,55,58,71,82,96,103,114,127,135,124,130,125
2114,Guyra Central School,335,311,309,306,292,280,295,329,331,334,321,311,307,318,302,309,310,300,298,318,300,292
2128,Hammondville Public School,369,397,412,456,502,501,539,534,506,472,456,446,436,458,464,458,441,439,464,451,452,445
2129,Hampton Public School,17,18,16,12,15,17,21,26,27,28,23,11,8,6,6,SP,SP,6,8,8,12,14
2180,Limbri Public School,10,9,7,8,,,,,,,,,,,,,,,,,,
2213,Ivanhoe Central School,35,37,43,40,36,46,32,42,40,38,36,32,24,29,37,25,22,26,25,26,32,29
2279,Kempsey West Public School,455,424,356,354,349,331,341,331,342,355,378,372,376,342,346,396,402,403,454,455,437,422
2313,Kirkconnell Public School,25,10,,,,,,,,,,,,,,,,,,,,
2344,Kurrajong North Public School,79,93,97,85,78,77,75,76,82,75,92,98,102,101,104,82,89,86,71,66,68,67
2362,Lake Munmorah Public School,590,598,581,559,557,534,491,467,435,431,464,488,470,445,435,437,419,408,399,407,396,384
2428,Lowanna Public School,32,27,16,18,20,19,22,23,27,32,31,34,33,22,25,22,20,17,8,18,13,20
2429,Lowesdale Public School,14,12,10,10,13,15,12,10,11,12,13,16,19,19,24,21,14,13,12,9,10,11
2480,Maroota Public School,53,52,49,59,57,65,57,53,57,50,53,52,40,31,31,29,34,19,26,31,31,31
2512,Medowie Public School,339,320,307,293,280,314,349,338,355,369,350,354,349,352,343,351,359,346,359,361,377,382
2528,Merriwa Central School,241,240,247,238,217,210,217,225,243,243,250,276,275,284,262,238,222,231,232,226,213,221
2565,Milton Public School,578,568,580,581,567,566,533,539,566,613,651,679,661,681,698,679,702,730,730,761,794,823
2580,Mitchells Island Public School,40,43,48,48,41,43,37,43,40,36,33,37,31,21,26,30,35,37,49,44,40,37
2662,Mullengandra Public School,26,24,26,21,23,20,14,13,17,15,7,7,6,SP,,,,,,,,
2664,Mullion Creek Public School,49,33,38,32,28,28,31,34,45,37,41,39,56,55,58,56,65,71,77,62,67,67
2714,Nashdale Public School,65,66,71,71,66,64,60,71,55,65,83,95,116,119,125,132,131,135,134,134,137,137
2748,Niangala Public School,22,14,12,11,20,20,22,21,22,20,15,7,6,6,7,SP,7,8,11,8,11,11
2763,Northmead Public School,530,541,565,558,576,576,596,601,624,633,646,652,646,684,730,726,725,718,697,649,636,614
2764,North Rocks Public School,574,601,608,612,580,584,617,638,647,679,681,718,745,803,816,846,880,868,875,883,869,861
2765,North Star Public School,47,50,42,47,44,40,36,33,38,31,33,32,39,36,25,24,23,16,20,20,27,22
2781,Nundle Public School,58,49,44,39,38,46,51,57,58,58,68,73,62,51,57,56,48,43,31,24,31,27
2814,Orara Upper Public School,68,72,55,42,36,42,39,40,33,20,16,24,30,38,32,31,28,33,27,28,30,33
2815,Orchard Hills Public School,69,67,72,76,77,81,84,84,81,77,77,86,102,107,128,134,145,176,205,233,236,242
2846,Paxton Public School,64,54,50,59,61,58,60,67,78,74,74,56,36,49,47,55,64,70,79,88,82,80
2848,Peak Hill Central School,278,253,229,196,177,187,171,166,169,169,176,137,130,136,137,121,119,155,145,133,139,126
2897,Portland Central School,219,227,221,223,159,136,150,166,179,180,179,184,178,146,127,106,130,165,178,175,170,204
2930,Rainbow Street Public School,216,224,240,251,263,305,338,380,395,401,419,427,433,447,415,390,413,445,478,472,478,454
2931,Raleigh Public School,60,63,65,60,57,37,32,24,35,46,26,27,20,35,28,24,25,24,26,30,29,24
2980,Whian Whian Public School,21,20,13,13,12,14,13,16,17,16,16,18,18,17,17,9,13,12,10,12,12,8
2996,Rosewood Public School,43,35,16,10,17,19,19,22,24,26,24,21,21,21,18,16,23,21,13,12,14,14
5754,Plumpton House School,39,44,35,35,38,41,35,39,36,56,48,57,55,51,48,48,37,35,38,37,33,30
5755,HopeTown School,47,56,57,56,55,55,57,57,60,56,56,46,52,53,47,48,42,47,41,44,46,43
5771,South Creek School,,,,,,,,,,,,,,,,,53,59,66,70,75,82
7308,Plattsburg Public School,318,304,268,238,243,263,216,208,205,200,229,250,246,251,231,226,227,211,197,190,207,195
7311,Scone Public School,503,499,481,461,475,470,465,482,517,538,515,502,479,459,446,419,406,420,415,383,383,400
8110,Dubbo College Senior Campus,771,753,767,779,804,827,850,864,466,522,449,468,455,471,506,526,559,538,507,558,602,651
8128,Mudgee High School,956,966,992,970,977,1020,1064,1059,1050,1005,955,926,886,851,813,820,815,769,754,770,768,788
8144,Yanco Agricultural High School,295,318,301,300,323,321,325,347,355,376,377,367,332,302,287,241,237,226,232,262,298,319
8146,Parkes High School,777,742,724,755,703,693,693,690,672,661,674,655,623,595,584,602,570,519,531,504,471,467
8178,Richmond High School,825,785,793,776,774,779,795,800,763,736,756,704,684,620,604,620,619,593,618,668,725,750
8180,Campbelltown Performing Arts High School,1018,1000,1032,1034,1020,1040,1097,1105,1122,1124,1077,1121,1107,1091,1067,1097,1099,1046,975,949,921,893
8194,Forbes High School,523,551,547,526,477,428,421,406,376,357,361,357,349,378,374,340,333,328,308,289,279,287
8197,Wellington High School,307,305,325,312,342,361,369,317,316,329,345,357,344,292,277,273,273,295,306,303,293,284
8214,"The Rivers Secondary College, Richmond River High Campus",567,547,565,620,680,729,773,902,943,878,865,834,832,761,722,700,702,711,624,554,531,494
8244,Blacktown Boys High School,407,366,337,325,314,307,341,345,360,409,412,441,473,520,577,652,715,762,822,858,880,898
8245,Hornsby High School,592,551,487,470,460,550,567,575,576,570,564,578,589,602,585,582,586,588,577,520,553,542
8261,Cronulla High School,625,658,692,699,726,754,729,710,706,721,751,804,879,987,1068,1179,1279,1303,1288,1240,1224,1205
8262,Ingleburn High School,879,885,906,927,881,853,806,790,767,733,704,695,663,614,614,632,647,664,668,688,731,782
8277,Wyndham College,591,614,631,641,645,655,726,721,688,677,710,704,670,693,708,628,631,589,508,500,455,378
8314,The Henry Lawson High School,251,248,236,233,209,206,213,234,220,212,193,193,176,174,164,191,200,186,173,190,187,178
8328,Murrumburrah High School,192,172,201,198,163,175,168,169,169,186,161,152,131,124,136,141,135,110,113,120,129,148
8364,"Hastings Secondary College, Port Macquarie Campus",1077,1011,973,943,946,932,871,823,793,733,729,716,669,666,635,668,739,719,699,676,672,717
8379,Pittwater High School,826,847,883,938,928,954,932,919,905,863,906,914,963,1001,1039,1078,1106,1077,1035,1035,982,881
8394,Miller High School,857,839,816,777,736,811,699,644,578,544,527,533,527,657,661,681,718,682,744,769,813,816
8396,Windsor High School,699,675,589,508,520,489,485,507,490,480,468,432,422,423,442,490,557,577,600,605,606,642
8397,Ashcroft High School,589,609,608,621,608,622,622,575,557,535,540,505,508,501,505,526,570,621,683,684,707,701
8413,Morisset High School,918,874,883,886,886,851,850,805,797,811,773,768,756,726,686,719,719,687,706,655,652,687
8414,Chatham High School,923,888,890,866,809,742,739,723,658,657,644,662,651,584,569,569,521,514,531,491,518,493
8448,Bomaderry High School,947,921,947,931,928,971,944,945,886,827,828,773,718,690,725,742,728,695,680,685,704,707
8461,Barham High School,262,244,237,244,238,213,191,174,177,183,178,166,156,150,139,156,149,148,127,150,160,184
8479,Davidson High School,726,693,729,748,739,728,718,742,767,764,778,798,813,844,844,882,887,861,858,871,828,790
8498,Muirfield High School,494,464,512,567,607,693,737,764,791,787,812,767,793,822,807,841,848,857,876,870,897,836
8514,Plumpton High School,1058,1023,1023,1073,1020,987,1004,1025,1018,1007,989,929,909,936,962,974,999,1016,1040,1154,1152,1182
8515,Gorokan High School,1024,954,952,969,970,948,1000,1076,1091,1083,1101,1057,964,964,963,982,1013,1003,933,914,961,981
8528,Chifley College Bidwill Campus,596,605,618,607,603,611,604,616,583,595,594,578,592,610,575,623,651,664,664,668,687,720
8530,Newtown High School of Performing Arts,818,825,839,869,848,882,890,947,995,989,1027,1050,1061,1042,1043,1066,1099,1118,1128,1132,1136,1145
8108,Cessnock High School,621,606,593,627,591,577,567,573,565,553,595,582,564,554,562,588,602,636,617,592,627,616
8117,Grafton High School,1159,1155,1120,1024,942,911,916,890,899,891,922,943,946,932,905,831,823,798,792,803,771,768
8124,"The Rivers Secondary College, Lismore High Campus",962,956,918,836,788,734,655,554,452,418,364,354,355,365,407,425,478,457,444,445,436,438
8140,Taree High School,971,961,954,962,969,954,974,973,980,963,937,879,883,878,879,881,833,800,713,689,667,623
8151,Homebush Boys High School,1183,1209,1208,1241,1236,1244,1276,1275,1301,1292,1242,1156,1138,1137,1095,1076,1075,1047,990,922,908,891
8233,Hunter Sports High School,850,853,892,878,900,888,870,805,844,811,776,747,744,745,702,745,818,854,873,897,925,941
8265,Sefton High School,1033,1037,1048,1046,1025,1042,1040,1042,1035,1030,1028,1033,1045,1060,1050,1056,1066,1053,1060,1104,1108,1121
8274,Tuggerah Lakes Secondary College Tumbi Umbi Campus,854,945,828,821,837,877,963,976,1019,1021,1045,1082,1057,1090,1113,1131,1170,1158,1076,981,868,802
8308,Corowa High School,506,510,499,463,483,513,542,512,515,474,436,373,349,321,312,309,340,338,317,305,294,291
8349,Gilgandra High School,349,367,360,362,365,350,335,320,337,325,285,264,253,237,224,222,229,225,204,189,189,185
8390,Whitebridge High School,1102,1078,1070,1016,986,997,969,998,1016,1012,1026,1000,967,935,907,908,967,923,899,916,891,915
8399,Doonside High School,942,920,926,908,820,780,762,712,704,694,665,666,689,642,617,631,646,675,684,705,726,715
8401,Lurnea High School,732,758,828,796,836,817,750,751,700,719,731,678,684,708,648,671,698,664,720,714,726,696
8408,"Georges River College, Peakhurst Campus",630,629,651,637,631,661,645,651,619,611,611,622,674,709,764,833,852,833,846,826,835,758
8417,Dubbo College South Campus,609,593,621,645,671,671,650,635,773,736,707,699,732,700,694,753,759,716,717,735,721,687
8433,Woolooware High School,1119,1108,1095,1085,1072,1060,1058,1068,1065,1050,1048,1056,1017,963,922,919,928,888,862,861,826,788
8442,Gundagai High School,228,258,259,239,227,235,223,232,215,233,226,221,209,191,190,197,185,194,165,165,151,154
8449,Figtree High School,831,894,944,1006,1048,1031,1083,1086,1063,1035,999,1008,996,936,918,941,967,940,918,908,877,880
8465,Tuggerah Lakes Secondary College The Entrance Campus,766,576,645,674,670,713,731,750,791,762,788,807,807,782,756,717,752,764,728,684,728,756
8490,Macintyre High School,453,440,407,388,396,410,418,442,432,466,470,484,472,471,500,527,550,520,519,503,501,487
8492,Duval High School,784,753,779,822,804,747,761,683,608,599,542,527,555,616,602,,,,,,,
8494,Coomealla High School,426,442,436,429,408,369,388,366,342,359,324,306,293,271,245,252,231,216,246,247,227,190
8501,Moorebank High School,907,889,879,877,896,875,937,1006,1011,1029,1028,1052,1025,1037,1078,1061,1061,1018,986,1007,1021,992
8526,Colo High School,1059,1063,1063,1058,1047,1089,1086,1081,1020,1003,985,971,940,923,913,912,884,876,839,816,799,807
8535,Concord High School,756,763,778,796,783,797,850,847,855,875,929,1003,1078,1129,1167,1229,1262,1260,1246,1223,1251,1206
8542,Smiths Hill High School,731,733,770,748,738,752,762,759,751,756,756,752,746,745,730,730,728,725,725,734,737,736
8544,Lisarow High School,1118,1120,1118,1119,1058,1043,1097,962,887,835,787,751,747,746,745,815,825,782,764,761,736,728
8551,Sarah Redfern High School,426,461,466,467,460,475,460,437,467,464,475,502,547,608,593,636,670,655,651,667,663,652
8569,Eagle Vale Sports High School,776,732,737,707,718,671,677,663,636,629,572,573,521,496,487,491,504,536,508,513,578,662
8574,Mount View High School,982,1005,1011,1067,1069,1036,1055,1029,1017,1020,997,961,915,949,970,961,992,952,906,877,880,930
8585,Kincumber High School,1102,1107,1071,1051,1004,984,977,908,870,845,840,875,881,889,929,996,1024,1008,1011,993,1003,1002
8819,Hunter School of Performing Arts,1145,1130,1082,1079,1081,1088,1106,1147,1133,1157,1174,1154,1139,1145,1155,1131,1136,1083,1071,1057,1079,1094
8833,Dulwich High School of Visual Arts and Design,309,319,347,431,520,548,602,611,627,609,634,675,700,784,808,850,894,887,895,879,830,804
8903,Cardiff High School,701,663,672,660,653,616,651,630,670,676,694,691,684,690,695,676,710,724,700,718,754,778
8908,Rooty Hill High School,928,928,949,1029,1036,1074,1121,1121,1089,1110,1098,1083,1095,1090,1065,1075,1117,1099,1089,1095,1074,1110
2997,Ross Hill Public School,635,671,654,683,667,664,674,661,679,686,688,682,683,650,618,604,554,542,522,523,483,475
3032,St Peters Public School,54,52,58,57,53,63,61,56,58,67,68,75,84,91,115,124,135,157,169,180,171,154
3065,Shortland Public School,255,244,255,278,276,261,250,256,258,238,242,222,228,238,240,233,234,218,225,239,250,271
3083,South West Rocks Public School,337,292,300,315,290,299,316,323,327,312,305,289,298,314,327,334,344,355,363,333,329,348
3147,Tacoma Public School,176,183,161,169,157,151,137,120,135,142,162,172,190,200,216,214,205,198,197,203,208,186
3148,Tahmoor Public School,470,452,388,355,340,338,347,320,327,381,358,372,380,399,378,404,456,477,516,497,503,525
3214,Central Tilba Public School,40,35,22,32,45,36,30,35,36,39,33,39,37,38,38,43,43,43,39,41,50,55
3250,Toukley Public School,608,573,548,493,509,533,555,529,521,494,491,502,518,519,551,543,546,530,477,478,492,494
3283,Tuntable Creek Public School,30,31,21,29,27,15,11,8,13,11,12,12,14,15,10,8,6,8,6,,,
3298,Uki Public School,203,202,181,173,140,134,112,99,100,108,119,142,148,142,160,154,147,151,121,113,89,86
3300,Ulan Public School,41,41,33,32,27,22,22,15,11,14,17,13,12,16,15,16,14,,,,,
3330,Wagga Wagga Public School,381,334,327,355,366,377,376,361,395,422,437,414,410,438,452,442,457,397,410,429,425,440
3332,North Wagga Public School,201,201,205,208,223,220,216,230,246,229,241,252,269,266,265,273,281,221,195,181,175,181
3384,Warners Bay Public School,381,394,394,388,398,388,422,421,416,429,422,414,441,439,444,445,452,423,420,393,375,340
3416,Wee Waa Public School,182,176,167,182,173,160,151,142,156,165,172,161,127,137,141,134,111,97,93,88,76,79
3447,Williamtown Public School,61,51,34,18,12,,,,,,,,,,,,,,,,,
3451,Willow Tree Public School,62,55,52,50,60,55,56,59,58,49,41,41,35,48,61,59,62,68,56,58,52,51
3499,Woodstock Public School,16,14,13,11,13,13,10,16,15,14,24,18,20,21,18,16,12,13,16,15,29,20
3533,Yamba Public School,290,276,289,304,319,343,360,382,379,385,383,386,373,389,342,317,316,319,301,300,298,295
3534,Table Top Public School,56,51,41,42,51,56,56,61,68,58,60,64,68,63,62,61,76,89,83,100,121,140
3632,Fairfield Heights Public School,812,851,849,841,814,837,822,851,838,896,937,993,937,1008,989,982,907,812,783,745,673,642
3717,Croppa Creek Public School,21,15,14,11,16,15,15,17,19,21,19,15,12,12,11,15,12,9,14,17,13,12
3735,Woronora River Public School,142,140,156,161,170,163,136,119,124,113,113,114,103,114,118,96,87,73,65,64,63,70
3748,Belrose Public School,408,465,444,441,437,411,359,331,311,319,315,299,308,303,289,267,238,214,185,191,175,186
3767,Yarras Public School,SP,,,,,,,,,,,,,,,,,,,,,
3882,Tamworth South Public School,704,700,678,677,645,653,700,701,733,735,719,693,674,650,629,569,525,521,500,512,508,477
3952,Marrickville Public School,134,147,152,151,143,145,160,182,186,206,238,274,271,313,324,291,267,259,243,241,211,213
3966,Blackalls Park Public School,235,219,216,218,235,236,247,261,232,223,215,213,224,218,215,213,219,210,193,206,212,217
4019,Forestville Public School,313,312,345,373,399,456,490,533,586,637,670,686,706,705,687,681,643,622,574,531,487,462
4035,Mallan Public School,14,15,10,12,10,9,8,7,6,,,,,,,,,,,,,
4051,Penshurst West Public School,320,326,337,328,344,353,358,325,327,314,300,293,279,279,281,294,286,277,260,245,242,220
4066,Windsor South Public School,186,174,152,155,178,155,167,175,153,149,145,157,168,201,205,218,228,241,247,266,286,333
4083,Kemblawarra Public School,97,92,86,83,79,72,73,53,85,83,91,95,101,105,100,115,120,133,141,141,151,153
4116,Blacktown West Public School,389,428,451,463,492,479,456,427,414,448,433,425,430,412,414,436,405,402,421,421,421,443
4149,North Haven Public School,438,426,407,410,417,404,397,383,375,379,358,321,295,270,240,226,221,225,211,213,232,232
4166,Marayong Public School,621,576,551,523,485,489,462,455,459,453,473,476,488,485,485,498,509,523,542,546,561,557
4168,Lavington East Public School,353,335,301,296,318,321,333,316,331,338,352,357,362,352,341,348,349,307,284,277,286,291
4275,Normanhurst West Public School,311,323,333,363,367,383,392,398,406,439,450,479,505,523,514,519,507,480,443,395,374,363
4291,Balarang Public School,406,396,413,398,384,383,386,376,374,374,357,349,304,274,270,266,255,263,250,265,253,268
4327,Marayong South Public School,327,310,318,301,296,308,305,287,295,299,324,339,345,337,348,341,341,344,316,296,279,286
4360,Cartwright Public School,199,199,229,214,203,199,181,179,192,186,185,181,170,189,217,234,230,229,256,252,253,241
4378,Whalan Public School,518,492,447,420,397,359,346,331,318,295,306,295,315,320,300,327,327,352,328,325,356,340
4393,Carlingford West Public School,737,709,701,686,685,681,712,714,775,826,851,916,1050,1200,1359,1528,1678,1760,1874,1817,1741,1636
4395,Mount Warrigal Public School,415,363,333,333,285,254,222,236,208,204,217,228,206,223,213,217,218,221,195,198,190,185
4408,Lethbridge Park Public School,429,407,417,407,414,413,411,382,351,334,317,347,382,396,413,428,399,413,415,434,436,437
4411,Westport Public School,428,412,377,377,377,373,342,329,301,305,337,312,315,335,384,399,417,426,419,401,373,365
4426,Killarney Vale Public School,523,484,448,423,391,356,355,329,334,349,373,387,420,439,462,461,430,446,432,431,456,477
4444,Metella Road Public School,546,543,544,527,532,570,584,606,617,651,658,687,699,686,710,725,735,700,690,701,707,676
4459,Woodberry Public School,322,297,274,246,236,222,203,190,180,193,209,191,187,190,205,218,199,196,200,226,216,221
4525,Braddock Public School,355,335,284,272,268,229,222,211,186,195,199,189,227,266,295,328,330,311,310,323,319,332
4529,Glenwood Public School,306,312,278,275,261,288,286,294,296,302,311,324,287,253,228,235,236,235,223,224,214,216
4545,Bonnyrigg Public School,238,222,217,214,218,218,196,203,210,236,228,238,241,247,262,283,269,273,273,261,258,238
4559,Blackwell Public School,548,511,495,500,514,516,496,509,510,544,587,596,611,655,649,665,634,601,550,512,497,480
4561,Rutherford Public School,531,566,575,585,592,597,584,599,625,700,763,777,816,880,950,939,945,977,985,955,977,1007
4562,Sunshine Bay Public School,420,433,441,427,400,379,362,346,342,330,348,328,327,313,309,304,314,289,250,239,221,203
4576,William Dean Public School,333,340,339,350,329,320,287,259,256,272,254,253,264,292,307,321,322,325,339,364,376,382
4577,Minchinbury Public School,612,596,590,594,598,591,563,562,548,486,509,496,502,489,515,519,498,488,450,470,489,439
4579,James Erskine Public School,707,693,672,620,575,574,558,567,550,559,562,578,593,570,586,587,564,538,510,509,481,486
4593,Kearns Public School,221,218,204,200,202,200,207,210,196,186,187,188,191,203,186,206,196,191,174,159,163,178
4594,Bonnyrigg Heights Public School,764,704,662,677,701,690,724,819,913,961,1001,1089,1114,1101,1132,1118,1059,1017,952,891,856,769
4609,Grahamstown Public School,407,378,372,378,374,384,378,386,412,418,382,338,349,361,351,310,317,328,318,300,249,253
4612,Broulee Public School,355,341,344,351,335,310,299,285,283,280,298,308,340,362,371,369,358,357,291,274,262,246
4626,Callala Public School,338,320,320,305,285,291,324,289,281,271,275,249,255,209,201,190,175,158,149,148,158,151
4643,North East Public School of Distance Education,,161,157,147,156,179,170,165,135,176,170,189,212,242,235,287,276,330,182,158,124,45
4644,Bourke-Walgett School of Distance Education,,,80,81,87,87,74,69,67,70,60,62,46,41,48,42,40,27,37,47,49,47
5195,Hurstville Grove Infants School,49,66,75,72,76,60,56,59,60,58,63,51,51,52,55,79,80,78,53,48,53,59
5246,Bankstown South Infants School,61,66,62,61,60,65,59,66,75,86,94,108,122,130,106,117,135,130,146,145,154,141
5511,Newcastle Senior School,41,41,39,37,36,33,36,31,54,48,48,49,56,59,58,53,51,39,37,36,40,37
5562,Fowler Road School,36,36,36,37,33,24,30,39,39,43,50,52,52,53,49,49,54,47,51,46,50,55
5579,The Beach School,20,17,15,16,16,19,20,22,16,25,30,31,26,36,40,34,43,43,34,41,40,35
5630,Mainsbridge School,113,114,109,116,115,115,116,115,110,111,113,107,111,107,108,107,104,116,127,128,125,125
5696,Sandon Public School,201,206,204,215,223,211,222,262,244,231,245,246,234,231,247,251,259,220,203,199,178,179
3971,Beacon Hill Public School,455,464,474,489,495,506,544,561,600,643,649,632,633,590,559,533,517,491,468,458,440,459
3996,Fern Bay Public School,29,27,34,36,30,33,37,41,26,31,38,35,34,57,73,82,106,145,150,160,167,182
4005,Warilla Public School,376,329,288,281,275,244,232,216,208,218,219,216,223,253,258,248,260,278,282,284,272,279
4037,Cringila Public School,143,160,142,146,152,148,153,141,150,148,149,167,151,155,145,129,131,137,142,145,161,163
4055,Oxley Park Public School,432,435,442,449,414,434,452,465,456,461,503,471,493,501,522,565,580,576,604,624,616,601
4064,Macquarie Fields Public School,729,715,698,668,650,614,619,645,698,747,803,853,906,945,951,983,972,962,906,846,837,828
4089,Middleton Public School,299,304,305,310,300,298,278,288,265,243,248,259,271,269,218,202,188,180,172,161,169,173
4103,Telopea Public School,110,102,108,112,92,68,58,46,55,55,62,51,59,57,66,80,86,88,101,110,128,139
4112,Deniliquin South Public School,248,264,250,245,249,254,268,255,296,289,299,297,301,283,281,263,241,220,212,234,249,264
4155,Edgeworth Heights Public School,275,278,249,259,245,244,269,301,307,338,355,351,386,403,406,406,393,375,358,350,356,305
4157,Yates Avenue Public School,325,310,280,244,229,207,185,177,189,165,161,158,157,148,148,128,127,127,128,137,139,155
4164,Truscott Street Public School,317,320,314,321,320,298,305,294,291,306,332,327,332,319,330,324,314,297,276,255,263,265
4196,Kempsey South Public School,169,176,192,166,166,161,152,135,120,117,126,118,124,151,155,139,132,134,123,113,128,129
4198,Casula Public School,702,667,673,660,641,634,622,665,687,738,809,811,849,922,927,901,885,878,833,767,703,660
4205,St Marys North Public School,363,368,369,382,363,361,359,406,412,420,447,432,423,392,386,379,393,385,377,350,352,345
4207,Glendale East Public School,213,201,216,191,191,184,181,166,154,162,192,201,236,243,241,232,234,230,237,218,238,232
4212,Quakers Hill East Public School,498,522,578,606,593,596,607,593,620,610,649,673,681,703,705,720,728,749,719,721,678,655
4214,Narrandera East Infants School,72,75,73,62,52,59,59,60,54,59,68,67,69,56,55,67,56,60,43,41,35,25
4230,Laguna Street Public School,413,403,418,390,369,376,370,388,402,406,428,429,456,470,478,449,452,462,464,464,469,440
4257,Ryde East Public School,352,368,380,372,406,423,414,428,433,443,456,471,485,513,528,552,558,524,498,465,396,347
4282,Marayong Heights Public School,253,283,312,346,328,337,313,315,322,304,310,304,325,316,295,305,310,286,291,287,286,283
4296,Woonona East Public School,298,290,298,325,310,304,288,286,278,277,239,247,222,219,188,190,190,203,185,194,195,200
4305,Weilmoringle Public School,19,19,18,13,8,9,8,7,12,12,12,15,14,14,10,13,9,6,6,8,SP,SP
4312,Ringrose Public School,271,292,295,277,288,289,288,281,287,308,332,371,407,414,450,417,414,400,402,383,384,339
4348,Coleambally Central School,257,274,278,258,232,217,195,202,222,250,268,266,241,222,206,187,161,163,176,149,146,143
4364,Toongabbie West Public School,193,196,193,201,187,182,168,201,211,210,206,238,247,247,269,303,303,294,275,283,253,268
4380,Calare Public School,716,697,669,657,666,664,648,624,639,681,707,679,651,634,657,615,606,586,569,551,560,566
4382,Jasper Road Public School,647,623,641,631,645,649,678,718,730,731,737,754,780,845,861,891,894,908,853,843,846,803
4396,Busby West Public School,645,608,571,561,540,524,490,474,456,457,448,452,399,397,378,355,354,349,355,338,318,304
4398,Chertsey Primary School,224,218,217,198,197,215,229,239,222,218,242,233,220,229,228,214,183,162,127,122,128,125
4407,Hume Public School,224,193,170,155,132,147,158,170,192,190,181,179,191,174,168,149,155,156,151,147,163,175
4416,Merewether Heights Public School,225,241,247,251,272,275,293,317,317,314,334,334,340,350,343,340,354,342,329,323,302,269
4441,Crestwood Public School,648,637,598,620,616,618,635,655,659,669,706,717,738,781,801,747,750,737,706,707,641,633
4457,Sturt Public School,328,318,323,322,352,337,337,327,329,326,346,334,357,361,373,401,419,377,344,336,320,306
4489,Ruse Public School,294,313,332,323,342,351,338,359,385,380,399,410,416,421,437,432,445,432,444,486,475,483
4184,Lennox Head Public School,337,317,328,364,364,361,362,356,328,326,328,334,348,375,418,477,493,498,492,442,427,424
4218,Gosford East Public School,359,358,333,328,332,318,304,295,276,315,321,336,358,352,381,368,353,339,319,320,328,334
4270,Khancoban Public School,18,14,16,14,11,13,15,20,28,21,21,19,22,17,22,26,33,32,30,31,24,19
4283,West Pymble Public School,317,327,315,328,321,321,314,291,288,315,306,318,337,342,359,348,339,324,306,286,265,250
4286,Camden South Public School,453,463,476,433,473,526,563,609,654,707,746,782,815,821,789,756,744,709,688,669,713,712
4300,Corinella Public School,36,33,31,28,18,18,15,9,10,7,7,,,,,,,,,,,
4370,Belair Public School,386,397,423,444,477,486,474,477,482,491,507,519,529,533,515,499,479,451,450,416,398,409
4383,E A Southee Public School,275,255,237,246,205,214,201,208,220,201,206,181,161,131,115,98,90,91,94,87,87,74
4385,Gateshead West Public School,146,125,99,111,117,108,101,86,75,,,,,,,,,,,,,
4402,Tregear Public School,470,444,430,372,372,368,380,373,356,324,354,340,323,345,348,320,322,314,339,334,343,325
4436,Winmalee Public School,373,370,377,363,361,382,375,383,388,374,373,385,362,362,359,350,364,363,344,346,340,359
4437,Hillvue Public School,399,356,341,333,313,317,277,252,252,254,272,275,304,292,314,347,361,362,375,421,448,449
4450,Berinba Public School,240,230,254,260,277,278,274,273,270,284,305,301,301,297,293,276,273,289,266,233,226,225
4467,King Park Public School,605,576,580,583,590,561,557,542,513,482,488,479,484,514,519,513,449,445,426,408,394,396
4469,Jewells Primary School,501,476,495,496,504,506,507,501,508,509,484,486,453,424,395,374,351,335,302,281,275,262
4502,Petersham Public School,165,167,190,190,199,198,195,214,228,230,242,248,252,262,258,267,273,269,262,261,247,232
4503,Tyalla Public School,446,449,432,406,448,405,405,410,358,358,311,321,331,325,344,314,304,278,270,272,257,258
4518,The Grange Public School,283,263,258,228,211,183,178,184,184,183,226,244,251,291,299,320,314,297,262,272,281,282
4520,Bateau Bay Public School,744,739,742,719,711,715,701,680,654,671,701,749,729,739,738,732,734,730,683,629,633,614
4535,Blairmount Public School,574,572,547,535,533,493,502,503,483,503,529,507,524,512,485,523,499,436,459,460,494,450
4551,Plunkett Street Public School,30,38,45,35,47,42,44,40,46,49,44,40,38,35,51,60,68,74,71,79,75,73
4552,Manning Gardens Public School,227,226,202,192,195,174,167,159,162,165,148,155,131,106,127,148,146,167,163,181,199,207
4568,Ellison Public School,329,359,354,348,354,357,349,345,317,311,328,325,327,321,307,308,308,306,296,299,295,283
4586,Sydney Distance Education Primary School,96,94,95,158,163,206,158,173,204,207,205,242,290,202,226,177,171,164,275,212,192,124
4603,St Helens Park Public School,444,424,408,418,415,409,456,462,467,479,462,497,478,472,450,427,411,386,371,374,372,363
4619,Henry Fulton Public School,273,264,269,271,283,280,284,302,309,305,292,331,362,401,420,428,388,308,269,234,228,219
4620,Glendore Public School,395,409,418,405,406,443,426,443,434,429,455,446,482,531,583,609,621,661,681,657,670,609
4635,Cecil Hills Public School,402,445,510,555,589,614,623,650,656,660,661,695,744,763,802,795,774,766,757,751,742,721
4652,Marie Bashir Public School,,,,,,,,,,,109,237,278,329,391,384,401,387,386,394,420,424
4671,Barramurra Public School,,,,,,,,,,,,,,,,,,243,571,851,1051,1182
5272,Heathcote East Public School,166,170,174,172,170,184,177,160,159,122,116,126,127,124,131,132,121,121,105,103,105,106
5405,Fisher Road School,62,66,63,58,62,62,58,57,60,58,63,60,57,55,55,50,54,56,52,53,59,62
5453,Putland School,36,47,42,51,64,66,52,56,62,80,48,56,48,55,73,104,56,56,43,56,73,65
5540,Bridge Road School,16,17,18,28,21,21,29,20,20,25,30,27,28,30,25,33,36,34,36,36,35,37
5571,Sunning Hill School,12,18,15,19,29,20,23,21,26,23,18,15,,,,,,,,,,
5637,Coreen School,43,46,41,39,45,41,47,45,59,65,62,57,57,49,51,52,48,60,48,50,55,56
5654,Rivendell School,47,42,49,48,46,24,49,47,59,55,63,54,59,49,62,56,51,55,57,56,57,65
8546,Gulgong High School,277,256,271,271,264,259,262,266,276,251,247,237,226,230,253,275,302,276,253,228,237,213
8547,Northlakes High School,983,976,1011,1016,1008,1046,1109,1161,1065,1087,1070,990,878,834,832,818,826,782,784,780,792,789
8563,Tuggerah Lakes Secondary College Berkeley Vale Campus,949,1011,1013,976,924,884,865,827,811,781,749,699,758,753,773,788,803,829,839,841,855,851
8564,Holsworthy High School,666,696,688,714,716,718,699,696,679,661,713,703,684,665,633,579,587,589,614,624,649,693
8579,Kingscliff High School,1264,1199,1214,1237,1238,1282,1284,1256,1172,1146,1133,1062,1024,1023,1001,1041,1054,1059,1008,946,933,910
8580,Cranebrook High School,820,812,773,812,826,813,850,858,824,817,781,758,715,727,739,781,800,803,778,824,875,871
8581,Batemans Bay High School,802,772,781,775,768,739,774,731,657,637,598,625,634,658,695,729,752,728,661,639,616,534
8595,Nambucca Heads High School,450,448,456,465,463,473,448,445,432,401,364,348,348,362,406,441,438,431,395,349,318,314
8598,Oberon High School,243,209,209,212,203,211,213,207,205,219,233,236,227,219,199,199,201,199,200,191,197,204
8813,"Georges River College, Hurstville Campus",487,432,403,366,377,349,349,351,324,318,328,316,361,358,352,343,346,301,273,260,226,267
8832,Ashfield Boys High School,626,611,579,605,652,679,719,710,707,716,717,727,705,707,732,743,737,747,750,771,775,751
8882,James Cook Boys High School,541,573,577,568,576,560,556,511,429,377,310,262,229,245,267,288,311,368,394,424,481,473
8914,Richmond Agricultural Centre,,,,,,,,,,,,,,,,,,,,,,11
4203,Kotara South Public School,197,182,185,170,180,218,233,220,249,270,275,302,287,300,327,329,348,342,340,337,317,309
4217,Banksia Road Public School,306,306,311,327,338,325,319,341,368,444,459,445,482,536,549,564,567,542,562,544,549,512
4233,Railway Town Public School,174,166,159,169,176,156,146,147,158,164,140,135,114,111,126,120,125,132,119,108,123,124
4316,Mannering Park Public School,345,353,337,346,334,301,309,302,273,271,260,242,229,226,237,216,198,213,221,225,213,193
4320,Gwandalan Public School,404,432,426,433,418,397,401,351,340,351,336,322,339,366,375,392,406,391,391,373,348,351
4369,Lewisham Public School,118,112,112,105,91,90,81,88,95,103,111,150,179,193,216,217,239,238,241,217,217,198
4400,St Ives Park Public School,138,142,144,180,203,188,170,167,169,178,167,176,176,187,192,176,169,181,157,153,151,143
4401,Murray Farm Public School,907,905,896,876,816,757,752,781,802,812,856,909,930,958,978,988,959,943,931,936,877,787
4403,Bradbury Public School,723,738,697,669,641,632,635,631,633,612,601,598,592,622,658,706,738,718,700,724,736,704
4417,Winston Hills Public School,543,514,531,513,522,541,545,560,577,618,637,637,627,648,675,693,706,716,708,697,661,636
4453,Blackett Public School,371,358,346,315,299,298,292,282,259,252,270,258,242,234,235,227,235,257,251,254,256,288
4468,Glenroy Public School,237,221,205,197,177,173,170,176,184,175,195,202,192,171,173,190,201,208,216,227,222,220
4470,Willmot Public School,286,274,255,233,250,249,225,203,227,194,180,152,142,144,150,153,148,152,162,182,183,162
4500,Nareena Hills Public School,240,255,258,255,268,274,285,299,320,323,300,317,291,296,272,252,241,246,226,233,211,209
4501,Barrack Heights Public School,359,333,302,317,293,287,265,258,255,249,244,246,245,251,236,224,228,200,181,182,189,192
4504,Crawford Public School,718,683,672,647,634,578,559,520,512,486,467,484,479,479,504,468,472,461,447,437,414,387
4536,Bangor Public School,633,646,640,618,591,579,556,534,510,512,528,504,523,529,524,549,552,539,531,520,521,503
4553,Wiley Park Public School,544,509,516,507,512,495,534,532,543,535,518,532,567,601,561,594,629,581,539,546,528,550
4554,Prairievale Public School,525,531,512,492,470,445,432,412,431,421,424,427,463,466,431,441,447,435,425,396,412,419
4585,Bligh Park Public School,515,510,474,462,431,430,390,396,395,381,361,331,317,310,301,328,296,320,317,322,301,283
4601,Aldavilla Public School,260,245,231,253,245,243,241,240,243,276,273,279,303,314,305,305,311,307,275,275,273,263
4604,Oakhill Drive Public School,666,617,630,636,621,586,593,551,553,573,611,657,706,746,761,760,767,766,780,794,769,756
4617,Tacking Point Public School,676,712,725,750,765,801,819,772,751,742,751,727,764,745,748,732,713,671,638,620,599,594
4618,North Nowra Public School,301,269,238,231,236,243,235,249,264,263,238,247,219,220,199,211,183,178,190,203,219,223
4634,Dalmeny Public School,396,535,614,692,788,818,855,927,938,967,990,1004,1015,1016,1017,1053,987,936,853,797,733,671
4637,Woongarrah Public School,,170,272,330,374,427,486,514,545,526,513,477,490,508,509,487,455,437,419,383,382,385
4653,Riverbank Public School,,,,,,,,,,,,356,660,864,1147,1389,1740,1980,2079,2173,2152,2030
4667,Gledswood Hills Public School,,,,,,,,,,,,,,,,,525,856,1064,1010,961,976
4669,Jordan Springs Public School,,,,,,,,,,,,,,,,,312,742,920,1033,1103,1119
4670,Galungara Public School,,,,,,,,,,,,,,,,,,304,555,781,853,882
4686,Tallawong Public School,,,,,,,,,,,,,,,,,,,,,48,121
4687,Gulyangarri Public School,,,,,,,,,,,,,,,,,,,,,167,267
5104,Australia Street Infants School,63,80,89,99,108,105,102,104,116,112,116,129,131,117,111,99,102,98,84,92,92,104
5238,Westlawn Public School,461,481,462,438,428,457,487,484,478,481,502,511,520,519,516,509,501,495,527,524,518,467
5454,Dorchester School,28,23,35,47,56,50,50,45,50,34,31,32,48,56,59,66,46,27,28,32,33,19
5456,Girrakool School,59,145,84,97,113,136,104,89,90,87,92,92,77,115,107,63,44,34,41,41,50,54
5538,Arndell School,12,9,11,9,8,11,9,12,12,13,11,12,12,19,21,18,12,19,21,16,20,17
2968,The Risk Public School,34,33,31,32,32,27,31,32,28,23,26,27,27,28,32,31,25,22,22,22,26,23
2986,Rookhurst Public School,10,12,12,8,SP,,,,,,,,,,,,,,,,,
3029,St Johns Park Public School,805,819,846,801,782,785,797,760,778,762,770,778,753,767,782,797,797,762,735,728,692,673
3045,Scarborough Public School,78,73,85,88,85,83,79,62,61,66,74,73,76,70,68,62,63,65,72,69,56,54
3070,Singleton Public School,564,560,557,512,476,432,390,411,428,428,425,439,462,474,466,456,430,402,395,375,373,353
3079,Somerton Public School,37,36,43,40,31,27,32,13,13,14,12,12,15,16,27,33,27,23,23,25,17,17
3093,Spring Terrace Public School,45,39,43,33,31,27,29,30,36,28,27,27,32,26,25,35,41,47,43,44,37,40
3195,Tharbogang Public School,44,49,43,45,43,39,36,38,36,40,40,40,45,36,43,41,40,33,34,20,18,11
3204,Thornton Public School,660,641,659,650,620,605,602,552,544,525,545,541,556,611,658,702,763,744,753,819,830,826
3293,Tyalgum Public School,114,101,84,73,73,63,63,63,55,54,45,42,45,52,45,40,48,44,34,22,13,13
3302,Ulladulla Public School,794,764,690,652,675,665,650,624,634,640,664,680,726,735,744,739,733,745,713,690,696,689
3311,Ungarie Central School,130,105,106,94,87,101,109,99,91,88,89,98,104,95,88,99,88,84,95,100,99,88
3329,Vineyard Public School,55,55,51,66,57,65,60,46,32,28,36,36,25,29,48,55,53,47,55,72,76,97
3343,Walhallow Public School,27,24,17,16,11,25,25,20,18,14,16,10,11,16,21,22,23,22,18,12,10,10
3352,Walla Walla Public School,49,43,36,35,42,45,43,42,35,40,44,42,43,46,36,35,38,35,33,39,36,40
3354,Wallerawang Public School,211,204,215,223,221,245,260,250,254,271,289,291,291,299,302,295,271,242,223,222,208,186
3377,Waratah Public School,456,453,474,458,455,438,402,387,361,336,309,313,334,339,354,348,338,337,340,333,355,351
3470,Wisemans Ferry Public School,62,62,63,61,55,51,61,67,56,44,46,55,48,36,29,37,41,37,44,43,42,44
3477,Wollongong West Public School,160,162,186,178,184,202,238,220,193,204,211,244,238,229,214,181,201,193,191,214,232,243
3479,Wolumla Public School,61,70,61,56,56,56,56,58,54,58,61,66,55,66,81,89,88,96,103,109,108,109
3504,Borenore Public School,9,13,17,20,28,34,40,40,44,34,40,39,39,40,39,40,40,33,27,15,18,22
3518,Wyalong Public School,70,60,62,57,50,48,55,61,55,53,52,62,64,54,57,57,71,81,87,81,79,87
3547,Yarrowitch Public School,14,18,16,16,17,18,17,16,13,10,11,11,8,12,11,8,SP,SP,SP,SP,SP,SP
3561,Yoogali Public School,38,40,46,56,51,58,60,61,70,71,62,61,23,28,37,35,42,42,38,44,49,49
3736,Balgowlah Heights Public School,561,546,547,600,584,610,630,634,624,667,722,728,736,728,704,711,709,738,720,704,693,651
3797,Oatley West Public School,436,424,443,443,437,461,450,453,468,502,512,507,547,577,579,589,574,569,543,542,514,519
3820,Tarrawanna Public School,146,154,142,149,155,156,128,126,133,121,133,128,113,124,127,109,114,125,134,153,154,164
3854,Hazelbrook Public School,499,504,457,463,462,471,500,488,476,477,456,441,415,405,409,387,381,366,346,332,355,356
3872,Greenwell Point Public School,81,77,83,81,79,58,60,54,54,63,55,66,86,86,91,104,110,116,107,96,104,106
3895,Cardiff South Public School,366,355,337,321,286,293,281,285,297,290,300,289,289,308,303,298,297,281,286,293,276,298
3904,Argenton Public School,87,82,82,82,53,58,65,52,53,42,30,26,23,23,31,29,41,50,50,46,53,46
3972,Caringbah North Public School,448,464,471,451,458,463,472,487,513,529,530,539,552,561,556,565,571,581,574,573,591,538
3995,Umina Beach Public School,774,790,781,747,750,772,790,758,743,791,804,799,800,789,768,772,730,695,677,621,613,606
3997,Hilltop Road Public School,527,531,568,588,583,585,604,618,619,665,721,748,743,742,741,763,783,778,770,761,760,762
4011,Lake Heights Public School,142,135,145,143,136,138,136,135,139,134,132,133,136,148,146,129,137,134,126,144,138,147
4029,Dundas Public School,325,361,369,382,378,357,365,364,345,372,367,380,399,393,408,379,362,355,348,334,326,312
4491,Sackville Street Public School,745,700,675,665,634,595,551,553,534,526,528,490,522,542,532,527,513,513,550,523,503,474
4505,Ambarvale Public School,400,381,338,318,308,293,276,256,262,260,272,271,287,306,320,328,364,385,409,425,439,433
4541,Werrington County Public School,312,321,301,301,298,308,309,309,330,355,367,401,405,404,444,458,441,423,360,337,329,319
4548,Copacabana Public School,343,307,300,271,264,268,248,275,289,298,299,316,331,345,357,352,325,313,286,275,262,259
4555,Cudgegong Valley Public School,550,525,519,528,563,581,582,583,591,591,574,544,543,575,557,550,546,571,591,626,637,654
4557,Sandy Beach Public School,411,383,363,378,347,336,331,313,345,325,331,346,344,352,356,346,356,378,382,390,348,336
4575,Wingham Brush Public School,360,367,341,325,326,319,278,265,226,233,225,214,197,199,190,200,205,200,207,192,189,203
4589,Shoal Bay Public School,311,280,292,285,289,296,329,326,352,361,367,403,409,434,430,390,391,359,332,311,270,237
4600,Maryland Public School,455,463,483,459,466,456,458,495,504,496,464,469,468,461,476,436,405,393,374,380,388,368
4605,Alfords Point Public School,259,224,229,227,214,211,225,220,221,208,213,224,246,224,226,219,229,220,208,203,177,165
4607,Centaur Public School,597,597,608,610,586,574,559,502,482,466,455,470,499,501,506,502,498,470,463,455,440,424
4614,Windsor Park Public School,323,315,303,302,294,286,280,279,264,271,233,256,247,237,228,235,235,254,232,224,229,231
4623,Blue Haven Public School,615,600,613,608,623,596,608,609,589,610,596,585,539,569,574,584,643,653,631,623,653,637
4625,Currans Hill Public School,529,548,498,473,463,470,455,458,477,512,584,581,580,593,577,578,535,539,508,519,538,545
4664,North Kellyville Public School,,,,,,,,,,,,,,,,354,645,858,949,1018,1078,1068
4673,Northbourne Public School,,,,,,,,,,,,,,,,,,855,1305,1702,2063,1711
4689,Melonba Public School,,,,,,,,,,,,,,,,,,,,,,776
4691,Nirimba Fields Public School,,,,,,,,,,,,,,,,,,,,,131,210
5116,Glen Innes West Infants School,57,58,57,55,51,55,50,38,42,37,35,42,37,36,42,35,29,23,26,20,22,19
5118,Harcourt Public School,566,613,667,657,608,602,594,599,601,578,587,573,563,550,515,504,466,457,415,429,397,373
5241,Mount Lewis Infants School,97,87,76,86,99,127,121,158,172,182,173,178,172,180,166,185,175,182,169,198,179,173
5302,School of the Air,80,100,77,121,116,117,126,139,137,116,112,134,124,133,124,130,124,125,144,146,117,120
5407,Cromehurst School,53,52,54,54,47,46,52,49,48,39,44,56,59,56,60,64,62,61,60,60,64,60
5459,Tallowood School,32,56,76,84,93,97,100,99,99,99,98,98,97,99,97,99,95,99,97,99,100,98
5527,St George School,48,48,48,46,46,46,53,54,55,57,58,57,59,56,55,59,58,62,64,60,53,64
5559,Redbank School,17,12,18,33,32,20,47,43,44,42,38,23,44,33,32,33,44,32,37,44,34,46
5582,Wakefield School,26,32,28,25,27,22,21,24,20,27,23,26,23,26,31,31,28,29,35,38,30,31
5616,Minerva School,73,67,61,52,46,53,51,55,49,46,54,46,41,36,37,43,44,44,49,49,48,47
5627,Glenvale School,112,108,109,109,119,126,124,124,124,130,142,143,149,152,150,152,149,148,140,138,139,159
5652,Caroline Chisholm School,60,67,68,70,70,74,88,86,94,102,105,106,106,105,107,104,97,97,96,96,103,104
5666,Peterborough School,66,70,71,74,69,74,74,73,82,82,82,89,89,94,100,101,109,109,113,110,110,115
5711,Shepherds Park School,17,17,24,24,25,28,36,31,22,26,26,33,38,42,40,29,14,20,22,14,17,17
5736,Holman Place School,15,15,15,14,19,21,22,22,22,27,25,24,33,33,34,31,33,31,29,28,32,30
5761,Penrith Valley School,,,,11,20,17,19,19,18,29,34,42,43,39,42,43,41,45,39,39,35,39
7406,Bexley Public School,403,425,430,422,386,353,322,308,289,293,302,316,306,290,292,282,281,261,257,259,249,249
7422,Kurri Kurri Public School,768,748,755,732,688,659,636,607,613,634,660,663,654,656,668,633,580,556,561,608,624,574
7424,Liverpool Public School,626,649,672,655,642,672,698,680,724,721,726,745,710,758,729,713,715,639,656,686,625,562
3827,Narraweena Public School,408,415,418,411,393,375,363,344,329,349,384,403,439,482,477,506,519,536,498,511,516,511
3877,Corrimal East Public School,327,312,315,302,295,291,292,274,246,228,203,205,202,212,216,240,232,244,259,283,292,297
3908,Lane Cove West Public School,236,267,287,285,327,379,435,485,540,567,576,595,579,588,589,613,605,569,531,514,483,474
3927,Belmont North Public School,175,179,176,166,150,139,134,119,129,143,143,153,186,179,183,169,170,174,172,175,170,160
3958,Padstow Heights Public School,384,389,395,389,390,412,392,400,387,398,412,405,397,388,378,381,370,360,360,335,307,297
3977,Villawood East Public School,288,263,271,259,269,268,258,247,247,261,264,266,268,259,268,241,243,239,261,279,307,301
4024,Sylvania Heights Public School,510,490,507,516,533,541,587,591,616,652,649,666,662,668,657,649,621,605,574,533,496,482
4027,Griffith North Public School,418,441,472,455,464,456,417,394,378,386,368,355,369,360,392,425,437,432,438,427,438,418
4111,Tweed Heads South Public School,238,235,229,218,219,216,205,216,206,209,220,205,206,180,196,204,183,165,152,152,137,142
4125,Ermington West Public School,190,183,186,152,160,157,165,165,147,150,151,142,151,157,171,179,189,170,144,124,105,104
4142,Bankstown West Public School,203,208,206,210,216,195,212,227,234,223,222,273,296,306,313,345,335,353,325,316,320,317
4191,Lalor Park Public School,225,205,175,171,178,156,158,149,128,147,151,139,139,145,138,143,150,150,159,168,188,187
4194,Charlestown East Public School,279,288,260,259,250,249,243,224,206,205,204,210,217,245,265,309,311,322,336,331,330,319
4225,Tulloona Public School,18,16,12,7,SP,8,9,8,SP,SP,SP,,11,11,11,7,6,SP,6,7,SP,SP
4241,Cromer Public School,603,652,687,722,785,801,825,838,850,820,818,788,737,704,681,639,633,593,558,521,491,468
4277,Campbelltown East Public School,335,317,319,298,292,296,305,296,277,261,259,260,297,306,334,346,335,348,340,354,384,380
4294,Roselea Public School,401,374,369,396,414,396,365,360,341,320,306,329,343,345,346,344,366,325,315,321,330,306
4295,Berkeley South Public School,116,90,85,72,57,33,,,,,,,,,,,,,,,,
4310,Walters Road Public School,572,575,547,521,509,525,514,520,533,521,546,557,568,592,604,602,607,591,561,557,536,523
4342,Picnic Point Public School,378,367,368,350,353,357,351,358,370,395,402,397,398,399,414,409,394,398,398,387,359,360
4344,Ashcroft Public School,318,289,262,255,261,248,263,265,242,256,279,274,273,282,252,256,277,288,287,286,281,284
4375,Ashmont Public School,336,342,328,330,333,303,266,273,239,231,220,214,217,235,219,245,258,267,273,290,298,300
4410,Red Hill Public School,192,235,230,245,251,246,230,179,182,179,225,215,217,223,243,240,267,306,289,333,331,325
4461,Guise Public School,271,256,226,221,197,180,160,136,138,126,122,136,156,170,177,199,215,212,216,233,230,221
4478,Newling Public School,176,170,159,171,158,146,121,104,88,78,71,84,93,96,85,83,112,128,138,165,168,165
4509,Sarah Redfern Public School,470,436,417,383,350,339,347,314,303,282,311,359,411,441,447,441,422,400,366,355,340,311
4510,Claymore Public School,352,345,347,343,335,340,367,375,341,294,272,283,301,284,283,293,281,263,254,249,237,236
4528,Kings Langley Public School,608,615,629,638,652,673,670,661,678,714,699,705,697,724,713,683,671,637,593,611,575,567
4542,Chittaway Bay Public School,504,469,445,419,400,394,362,351,347,358,358,395,377,365,381,390,374,397,396,410,448,479
4544,Jamisontown Public School,337,323,327,347,303,315,332,327,330,329,320,341,356,359,356,362,390,383,364,352,332,317
4578,Teven-Tintenbar Public School,175,171,166,157,139,139,138,136,136,146,134,121,150,160,159,199,179,171,172,158,149,133
4592,Vincentia Public School,385,367,367,359,337,345,338,334,329,346,354,345,340,330,324,328,327,294,281,260,268,251
4611,Hallidays Point Public School,219,229,241,244,221,234,231,219,222,227,225,253,236,241,265,290,302,302,294,295,285,302
4627,Newington Public School,229,270,307,332,358,386,420,473,539,638,738,814,889,943,897,872,823,769,744,696,672,665
4628,Harrington Park Public School,456,553,625,690,745,763,798,822,799,794,764,746,759,790,782,748,713,707,681,674,673,731
4646,Elderslie Public School,,,,,,61,122,201,263,326,382,444,450,478,484,534,554,578,576,555,541,539
8133,North Sydney Girls High School,930,923,926,923,925,925,923,925,921,921,917,913,917,918,913,909,912,906,910,909,910,916
8165,Bega High School,1043,1051,1016,1076,1032,1000,993,949,918,851,872,821,791,749,736,699,648,657,676,726,731,706
8190,Cootamundra High School,462,408,397,375,383,396,409,371,357,346,322,307,293,304,295,326,298,285,271,241,215,203
8201,Nowra High School,1046,1072,1038,1045,1088,1064,1058,1025,1049,1070,1060,1010,1009,959,916,893,897,892,849,774,786,777
8206,East Hills Boys High School,597,614,618,666,701,747,743,769,813,811,847,807,818,792,770,816,830,806,833,862,861,843
8208,Cheltenham Girls High School,1357,1343,1338,1325,1255,1262,1275,1245,1247,1244,1236,1230,1236,1251,1343,1371,1423,1431,1458,1404,1407,1436
8217,Camden High School,1010,1026,1017,1058,1093,1091,1122,1105,1111,1065,1077,1065,1054,1081,1071,1087,1101,1050,1029,992,939,912
8224,Blacktown Girls High School,831,798,748,695,697,656,725,701,703,733,709,699,712,742,753,780,800,854,920,992,1075,1080
8235,James Ruse Agricultural High School,845,846,844,839,844,843,845,856,856,853,840,839,843,841,835,835,854,855,846,849,858,857
8240,Caringbah High School,899,902,902,903,908,914,912,906,908,909,911,912,914,914,916,914,912,907,911,917,913,908
8258,Bellingen High School,679,651,662,691,668,634,617,597,594,591,603,579,569,545,568,574,592,594,617,619,587,584
8260,Bonnyrigg High School,750,762,753,713,701,738,814,916,1003,1122,1207,1316,1389,1503,1595,1658,1688,1620,1581,1616,1647,1642
8276,Glenmore Park High School,815,833,777,693,662,674,693,745,773,790,808,852,845,837,841,909,972,983,1013,966,972,956
8290,John Edmondson High School,,176,361,549,770,947,1104,1083,1075,1109,1132,1160,1177,1196,1156,1174,1165,1142,1104,1081,1040,1084
8326,Mosman High School,760,781,777,758,768,781,839,873,901,961,1029,1028,1057,1070,1106,1102,1063,1062,1012,1027,1022,1087
8358,Tenterfield High School,319,319,334,322,288,275,261,256,235,236,245,256,256,262,264,241,243,238,238,247,256,267
8374,Brisbane Water Secondary College Woy Woy Campus,622,675,741,733,715,650,726,694,745,716,764,710,662,629,652,682,669,672,657,667,659,644
8383,Nepean Creative and Performing Arts High School,527,489,516,548,553,577,657,726,790,861,890,996,1067,1078,1083,1139,1091,1019,980,896,823,807
8392,West Wyalong High School,343,341,329,314,329,332,327,327,320,318,303,283,277,307,297,290,273,284,264,278,277,263
8410,Woonona High School,639,683,720,756,787,754,736,657,608,584,593,568,599,642,735,795,850,885,894,867,821,767
8415,Ryde Secondary College,676,749,801,871,883,929,938,979,1034,1081,1103,1080,1019,1026,1067,1145,1237,1261,1352,1423,1464,1487
8424,Holroyd High School,647,682,603,572,527,543,516,508,492,490,552,571,555,639,602,570,559,428,509,506,588,547
8435,Turramurra High School,882,885,916,943,967,998,1121,1206,1189,1231,1264,1292,1266,1243,1248,1207,1223,1148,1067,1047,1025,987
8440,Warners Bay High School,1284,1268,1270,1278,1291,1271,1319,1321,1326,1357,1351,1310,1291,1284,1294,1294,1303,1336,1299,1246,1204,1161
8451,Coonamble High School,243,240,232,247,248,232,203,195,221,199,199,196,218,208,213,191,211,203,187,181,184,161
8458,Kingswood High School,709,736,781,775,766,760,783,769,749,784,759,719,710,717,735,778,891,921,938,970,958,1005
8460,James Busby High School,928,934,926,904,857,829,781,755,735,732,702,705,710,693,694,684,671,640,598,603,542,544
8467,Henry Kendall High School,1332,1362,1364,1325,1309,1240,1098,975,888,793,764,744,753,740,787,761,810,809,779,763,739,789
8469,Orara High School,717,667,654,648,634,638,667,665,665,675,651,651,576,571,593,623,650,666,695,780,813,858
8474,Lake Illawarra High School,899,880,869,822,781,716,710,710,711,689,720,630,600,569,515,519,532,541,549,533,539,542
8476,Casula High School,607,619,616,634,639,678,644,643,645,629,660,720,769,804,878,1005,1101,1177,1197,1237,1240,1281
8483,Kooringal High School,972,933,924,940,879,847,873,864,842,841,876,892,898,884,861,884,840,863,823,824,852,839
8485,Hoxton Park High School,832,860,867,871,814,755,704,702,698,610,622,625,632,637,674,732,808,788,793,852,889,895
8499,Model Farms High School,929,971,969,980,958,955,995,974,1010,1041,1023,1026,1055,1081,1111,1112,1138,1133,1102,1070,1029,1021
8510,Merewether High School,1084,1088,1080,1076,1082,1088,1092,1080,1083,1084,1087,1082,1073,1070,1081,1073,1071,1080,1075,1068,1075,1080
8533,Terrigal High School,1236,1238,1279,1275,1266,1274,1243,1222,1276,1271,1194,1149,1044,1032,1004,960,970,973,953,897,859,847
5749,Budawang School,11,11,12,12,11,13,19,17,18,23,25,28,30,35,34,32,33,31,32,33,37,44
5763,Coffs Harbour Learning Centre,,,,16,19,20,20,19,23,14,20,19,21,18,20,21,22,17,17,23,22,23
5765,The Ponds School,,,,,,,,,24,49,74,97,110,112,112,109,110,111,116,118,118,120
7302,Carlingford Public School,324,311,306,304,305,301,310,319,328,347,389,414,504,645,717,784,796,806,809,767,695,644
7436,Stanmore Public School,430,430,458,477,506,492,515,525,547,576,586,617,644,664,645,636,623,609,583,562,553,560
8102,Armidale High School,755,746,651,641,629,591,583,625,713,708,723,694,611,550,494,,,,,,,
8136,St George Girls High School,929,935,935,934,936,937,948,958,949,940,931,920,917,922,924,926,929,926,919,903,893,908
8187,East Hills Girls Technology High School,957,960,948,938,936,946,955,977,993,980,967,1000,1050,1060,1045,1040,962,878,803,765,745,759
8189,Kyogle High School,505,460,451,446,416,425,403,408,402,385,380,392,376,349,330,313,293,291,330,338,320,307
8219,Hunter River High School,666,683,678,676,672,678,699,686,688,705,744,717,734,782,816,836,876,899,864,836,773,762
8221,Kingsgrove North High School,779,712,707,710,711,776,821,841,873,894,863,843,858,884,871,844,861,902,910,948,961,1020
8222,Asquith High School,888,882,821,820,851,828,841,883,949,947,935,920,899,821,820,774,722,694,638,597,621,669
8269,Chester Hill High School,1110,1162,1206,1181,1145,1085,1143,1092,1120,1179,1220,1217,1215,1289,1284,1368,1329,1153,1188,1148,1106,1056
8356,Cobar High School,306,329,308,288,288,281,267,246,234,265,276,281,255,251,260,231,200,200,220,209,210,214
8388,Moss Vale High School,723,711,695,681,665,642,635,609,576,573,600,608,603,645,647,720,725,706,748,740,756,790
8389,Swansea High School,754,755,718,699,668,643,659,627,654,666,658,632,667,670,665,618,676,663,655,705,717,710
8404,Endeavour Sports High School,931,909,945,974,886,846,852,826,805,803,717,737,787,844,865,995,1111,1177,1252,1238,1334,1381
8422,Killarney Heights High School,632,653,645,739,840,920,948,946,960,939,941,963,916,904,868,892,940,921,966,996,990,969
8436,Granville South Creative and Performing Arts High School,417,424,435,469,440,443,477,505,533,513,511,512,510,530,556,586,615,662,666,706,713,733
8437,Kirrawee High School,1189,1166,1192,1203,1173,1154,1188,1173,1166,1190,1210,1205,1192,1238,1210,1204,1183,1158,1096,1105,1124,1185
8438,Pennant Hills High School,1271,1282,1294,1287,1264,1278,1252,1180,1078,1068,1028,1052,1076,1069,1024,1020,1063,1075,1076,1133,1127,1131
8439,Francis Greenway High School,702,705,680,660,689,663,699,761,772,807,765,737,687,680,656,683,734,724,717,705,740,742
8453,Dorrigo High School,233,224,213,238,208,194,217,201,176,183,165,173,168,155,132,137,127,108,113,110,109,118
8454,Barrenjoey High School,730,723,724,739,704,684,633,630,635,641,658,640,700,702,708,759,812,851,836,831,871,865
8471,Moree Secondary College Carol Ave Campus,278,220,214,218,222,241,293,286,291,286,247,245,237,221,208,213,223,230,202,207,,
8473,Chifley College Senior Campus,458,446,432,398,412,419,463,497,524,561,472,498,510,521,475,478,492,448,441,471,484,499
8486,Bombala High School,200,198,193,193,192,184,191,175,165,157,155,128,112,123,130,144,147,150,135,134,142,148
8488,Chifley College Dunheved Campus,484,447,410,406,405,394,364,335,300,275,287,282,307,323,327,359,377,442,493,531,591,586
8520,"The Rivers Secondary College, Kadina High Campus",639,570,586,552,522,497,484,500,489,505,504,479,498,483,443,412,403,358,311,315,268,262
8521,Elderslie High School,937,943,953,960,946,939,981,984,963,963,948,948,955,958,987,1027,1048,1002,939,902,861,857
8539,Sydney Secondary College Blackwattle Bay Campus,504,499,544,553,567,592,628,612,629,640,623,638,642,673,719,777,804,774,749,781,805,798
8540,Marrickville High School,350,356,359,348,354,349,332,300,333,359,379,350,356,384,403,465,469,470,540,663,688,625
8554,"Hastings Secondary College, Westport Campus",781,824,774,757,717,671,710,611,580,530,510,488,501,506,560,605,615,654,626,619,635,612
8555,Rose Bay Secondary College,831,832,836,865,910,946,994,976,974,942,1014,999,1020,1142,1246,1305,1344,1311,1277,1240,1216,1127
8572,Rutherford Technology High School,793,853,839,860,943,1011,1069,1113,1081,1097,1071,976,976,1002,1021,1128,1173,1309,1353,1382,1355,1405
5689,Wilson Park School,40,45,44,39,40,41,41,45,47,44,47,56,58,68,65,64,64,72,74,74,80,83
5704,Newcastle Junior School,40,42,43,46,52,64,72,77,78,69,66,65,58,59,60,63,56,53,49,54,62,63
5738,Kotara School,11,15,,12,17,18,19,22,20,24,20,26,28,27,28,28,28,28,28,28,23,25
5756,Induna School,25,25,30,28,27,24,22,36,31,31,24,26,35,33,29,36,17,14,14,18,21,26
7408,Bourke Street Public School,83,71,53,62,63,63,67,88,136,191,238,296,351,417,443,436,442,449,438,407,391,381
7409,Chatswood Public School,651,654,685,694,683,702,730,787,853,914,957,1072,1180,1250,1291,1315,1343,1216,1142,1132,1116,1083
7427,Maroubra Junction Public School,519,544,553,550,546,548,547,567,569,588,641,657,671,656,635,619,572,532,481,476,456,484
7444,Rosehill Public School,393,388,407,420,416,423,451,482,496,530,574,585,630,678,714,718,667,625,639,654,631,550
7445,Woy Woy Public School,472,458,475,452,473,477,455,427,435,453,445,450,424,438,466,449,428,416,382,380,358,365
8111,Farrer Memorial Agricultural High School,558,586,598,611,590,586,577,584,575,576,578,560,594,594,584,593,613,616,604,600,607,606
8177,Kurri Kurri High School,816,808,787,792,772,702,730,765,784,814,816,838,837,830,801,787,838,854,901,931,938,917
8210,Lake Macquarie High School,538,555,530,509,512,498,520,515,505,446,430,394,368,362,346,346,396,396,434,461,415,435
8211,Normanhurst Boys High School,711,719,716,713,711,711,726,735,734,729,742,743,745,756,760,751,743,754,763,768,757,752
8227,Merrylands High School,777,765,762,739,694,655,723,728,751,732,715,708,716,741,764,827,878,878,853,793,800,855
8229,Northmead Creative and Performing Arts High School,657,629,685,712,740,734,772,817,907,964,986,1009,1021,1023,1048,1123,1103,1078,1076,1148,1180,1239
8230,Port Hacking High School,1025,1009,1029,1019,1042,1062,1033,1072,1083,1087,1125,1134,1147,1140,1114,1161,1190,1165,1061,994,1001,950
8278,Wadalba Community School,1116,1204,1276,1231,1211,1254,1294,1276,1295,1330,1386,1425,1430,1490,1550,1593,1641,1642,1639,1618,1503,1414
8346,Condobolin High School,243,253,225,216,229,258,250,253,239,221,220,205,206,205,205,196,192,208,217,201,216,205
8381,Bankstown Senior College,365,339,337,324,353,384,414,408,356,384,396,461,412,497,433,524,554,456,507,561,604,545
8395,Pendle Hill High School,521,447,391,318,308,281,315,341,346,337,354,332,327,343,372,379,395,432,469,527,617,692
8398,Condell Park High School,567,570,561,585,575,543,565,562,574,590,628,674,753,803,823,877,931,903,898,878,862,876
8411,West Wallsend High School,615,602,583,588,554,571,582,597,618,624,599,567,564,568,566,600,645,658,646,635,643,632
8412,The Hills Sports High School,714,763,851,915,908,918,929,955,929,939,912,887,868,890,886,882,878,901,899,937,912,913
8444,Canobolas High School,731,690,632,615,671,689,764,842,811,787,704,630,598,609,628,679,646,690,670,636,609,546
8446,Springwood High School,760,738,775,794,766,731,704,713,683,658,706,688,675,676,664,645,668,684,647,604,587,566
8447,Carlingford High School,1222,1144,1104,1090,1126,1086,1144,1159,1170,1189,1155,1159,1181,1228,1231,1260,1383,1424,1461,1532,1603,1772
8463,Sylvania High School,741,750,769,744,716,705,722,695,727,732,749,811,793,810,793,806,801,710,711,722,737,750
8464,Baulkham Hills High School,1128,1138,1133,1143,1147,1166,1178,1191,1197,1203,1212,1208,1208,1211,1212,1225,1231,1241,1233,1211,1217,1223
8495,Ulladulla High School,1199,1217,1235,1234,1205,1165,1182,1138,1134,1097,1085,1186,1180,1208,1198,1228,1251,1213,1210,1139,1167,1159
8496,Chifley College Shalvey Campus,383,427,434,470,416,400,404,405,392,394,384,368,350,313,323,382,409,389,387,371,358,391
8511,Northern Beaches Secondary College Cromer Campus,917,816,727,698,719,746,791,775,774,740,668,619,528,528,575,617,745,857,954,1060,1150,1157
8512,Narrabeen Sports High School,530,502,481,424,395,376,373,357,371,392,500,560,675,745,858,950,1042,1048,1002,944,872,794
8545,South Sydney High School,976,981,957,887,856,820,746,729,671,631,556,552,501,509,524,561,639,701,736,795,796,796
8562,Irrawang High School,901,900,922,989,966,894,890,896,852,782,725,700,705,719,829,905,1008,1006,978,937,857,810
8578,Alstonville High School,965,948,904,920,941,916,871,901,874,851,853,849,796,725,736,718,697,662,633,583,523,522
4661,Finigan School of Distance Education,,,,,,,,,,,,,,,,366,308,267,312,267,158,84
4662,Wentworth Point Public School,,,,,,,,,,,,,,,160,357,522,557,601,661,708,672
4678,Ngarala Public School,,,,,,,,,,,,,,,,,,,,168,325,380
4679,Edmondson Park Public School,,,,,,,,,,,,,,,,,,,,546,760,897
4694,Box Hill Public School,,,,,,,,,,,,,,,,,,,,,,271
5112,Taverners Hill Infants School,62,73,76,83,77,83,89,81,79,82,77,81,78,86,76,61,36,28,28,25,25,20
5212,Beauty Point Public School,230,232,215,221,240,241,268,271,264,302,300,303,311,302,320,304,307,298,293,283,229,205
5411,Rowland Hassall School,68,62,64,52,38,36,36,32,50,47,48,54,52,52,48,49,55,50,53,64,66,63
5563,Passfield Park School,53,53,53,50,48,56,57,63,64,64,62,67,69,69,68,65,60,63,93,102,102,98
5578,Naremburn School,18,17,19,23,17,20,24,25,19,25,20,22,26,20,26,33,31,25,31,31,29,30
5632,Lawrence Hargrave School,54,54,53,53,52,59,58,58,63,55,58,56,56,60,49,46,50,52,46,49,52,59
5647,Bates Drive School,63,53,62,61,57,60,64,65,67,65,64,64,67,68,70,63,62,65,66,62,62,62
5712,Les Powell School,52,53,56,55,60,62,76,79,79,78,78,75,76,76,75,76,75,75,75,73,73,76
5748,Ajuga School,7,15,32,24,40,34,36,37,40,39,43,46,40,38,47,45,56,52,57,58,52,53
5762,Barwon Learning Centre,,,,8,13,11,8,16,17,15,10,17,15,12,6,SP,8,11,12,10,SP,7
5764,Woodberry Learning Centre,,,,13,18,15,14,13,13,12,19,15,16,15,16,13,16,17,16,21,21,26
7403,Auburn Public School,759,785,850,772,717,658,617,591,595,590,600,600,571,535,516,517,508,475,485,498,510,486
7418,Gardeners Road Public School,194,183,176,181,187,194,234,257,264,259,272,302,347,363,360,358,392,402,407,421,450,393
7419,Glebe Public School,121,131,106,94,100,97,120,129,130,130,183,212,231,259,292,309,296,282,253,248,238,193
7435,Rozelle Public School,241,251,292,329,369,421,460,498,505,524,549,578,612,642,635,632,642,600,556,529,527,507
8103,"Denison College of Secondary Education, Bathurst High Campus",768,782,799,861,857,842,861,915,869,890,924,940,975,1045,1075,1083,1084,1045,960,925,947,917
8105,Broken Hill High School,719,722,719,721,693,639,652,635,641,665,681,648,635,646,614,558,511,492,458,423,405,411
8121,Hurlstone Agricultural High School,953,935,951,965,952,953,967,975,978,985,977,972,942,951,956,957,985,989,992,1000,962,934
8122,Inverell High School,582,583,605,638,636,612,600,594,616,601,605,622,595,585,540,542,511,459,479,461,472,484
8137,Sydney Boys High School,1118,1136,1151,1135,1149,1153,1161,1185,1183,1183,1193,1198,1203,1203,1206,1208,1207,1205,1205,1207,1202,1205
8138,Sydney Girls High School,931,925,923,922,917,923,930,936,937,938,945,950,936,935,937,924,923,930,925,928,938,929
8152,Burwood Girls High School,1019,1040,1055,1075,1069,1068,1100,1103,1134,1151,1193,1187,1159,1135,1152,1179,1149,1095,1095,1118,1112,1084
8155,Young High School,539,507,517,542,571,599,608,613,583,564,538,525,556,576,587,553,556,523,529,530,520,495
8202,Singleton High School,1266,1282,1294,1254,1202,1220,1233,1245,1231,1221,1217,1218,1204,1157,1161,1117,1085,1030,979,954,907,877
8203,Belmont High School,1078,1084,1062,1065,1046,1065,1096,1043,1047,1023,1067,983,939,893,859,869,807,797,795,761,806,812
8236,Blakehurst High School,995,992,1024,1039,1101,1123,1137,1104,1077,1098,1101,1108,1138,1116,1113,1083,1061,1039,1032,1027,1014,1013
8253,Auburn Girls High School,709,734,722,782,774,796,782,742,770,785,780,795,801,786,800,777,784,850,835,837,838,854
8255,Beverly Hills Girls High School,1136,1149,1145,1149,1192,1167,1155,1142,1180,1156,1180,1200,1176,1169,1094,1097,1023,931,947,1017,1020,1003
8271,Lucas Heights Community School,1117,1018,982,933,890,890,912,898,876,872,829,773,740,736,707,742,805,820,832,829,820,796
8272,Coffs Harbour Senior College,421,425,388,397,381,347,381,454,464,453,480,502,480,487,467,470,477,460,440,450,471,454
8288,Central Sydney Intensive English High School,145,175,163,228,238,301,253,232,200,225,296,272,223,195,123,135,109,69,120,201,164,142
8289,Great Lakes College Tuncurry Campus,485,540,554,550,518,504,530,513,516,542,536,515,541,558,540,529,499,548,505,477,479,466
2659,Mulgoa Public School,68,60,72,65,62,62,60,72,76,84,91,82,81,79,81,78,89,92,88,100,106,103
2675,Mungindi Central School,115,101,69,70,72,75,84,102,96,64,72,70,81,70,83,72,67,48,56,58,77,66
2766,North Sydney Public School,530,551,535,566,598,639,650,677,690,724,751,785,816,881,855,887,857,822,768,748,723,756
2768,Nowendoc Public School,20,23,15,13,7,7,SP,SP,7,SP,6,9,9,6,SP,SP,SP,,,,,
2800,Old Bonalbo Public School,31,28,29,25,27,30,24,21,20,17,20,22,22,19,17,11,13,6,11,16,16,13
2811,Orange East Public School,244,239,252,239,239,249,255,243,241,253,253,257,269,265,262,264,269,267,265,272,279,270
2818,Otford Public School,60,62,65,66,65,67,54,58,63,57,57,60,60,57,49,54,58,48,46,41,42,48
2843,Parramatta West Public School,494,516,503,511,521,541,507,534,559,566,624,685,738,800,856,882,885,857,911,916,916,949
2850,Pearces Creek Public School,34,34,24,20,8,,,,,,,,,,,,,,,,,
2859,Penrith Public School,361,352,379,402,408,387,379,385,403,400,395,397,391,418,418,464,452,472,460,475,506,524
2861,Penshurst Public School,418,440,439,431,426,424,415,423,415,461,434,459,439,440,438,413,374,394,423,491,473,458
2900,Premer Public School,10,8,6,6,12,17,16,18,22,26,26,22,8,7,SP,,,,8,10,9,12
2927,Raglan Public School,176,189,198,188,187,185,197,224,236,218,231,242,267,273,257,261,246,235,233,229,214,191
3020,Rydalmere Public School,131,128,135,144,143,148,130,107,106,95,100,116,114,146,154,145,147,147,166,154,152,151
3025,Rylstone Public School,91,84,83,79,85,77,87,94,97,94,89,82,88,86,76,69,78,77,70,77,99,99
3084,Spencer Public School,19,12,11,10,9,17,15,16,16,9,10,,,,,,,,,,,
3095,Springwood Public School,369,378,359,345,333,339,346,333,344,340,366,407,419,459,460,479,447,434,400,393,362,370
3104,Warrawong Public School,308,302,304,298,292,266,291,290,279,275,293,280,269,280,268,287,275,252,269,267,270,276
3127,Stuart Town Public School,16,12,9,7,7,SP,9,13,16,12,12,13,10,10,15,18,20,15,14,15,12,11
3136,Sutherland Public School,209,206,208,216,222,222,223,226,217,218,226,231,238,265,286,291,308,328,318,340,336,344
3143,Sylvania Public School,179,173,149,147,123,132,123,125,124,133,133,122,109,120,122,137,130,136,143,164,172,167
3145,Tabulam Public School,90,103,73,78,52,54,67,55,64,61,51,62,46,48,32,40,53,46,51,62,61,63
3154,Tallong Public School,36,24,25,26,22,28,30,25,31,45,56,59,60,65,67,64,62,58,56,48,52,61
3168,Taren Point Public School,100,122,116,113,84,90,89,85,82,82,78,78,87,84,87,83,100,106,105,107,112,114
3211,Tibooburra Outback Public School,31,28,25,20,11,11,13,11,10,14,11,6,7,SP,10,10,9,8,10,6,SP,SP
3236,Main Arm Upper Public School,55,52,54,52,57,55,55,56,73,79,73,82,103,109,109,90,91,88,91,89,92,88
3252,Towamba Public School,45,37,36,35,35,33,35,36,27,21,26,22,15,18,21,21,21,21,22,27,24,23
3254,Trangie Central School,258,276,255,262,139,144,158,151,194,160,190,215,224,227,227,199,176,192,190,192,164,167
3259,Trundle Central School,127,106,102,94,96,92,90,102,110,97,94,107,114,113,114,108,114,102,99,107,101,98
3263,Tucabia Public School,98,86,82,88,69,58,56,57,54,41,33,28,36,33,36,40,27,36,35,26,25,32
3288,Turramurra North Public School,326,327,324,317,298,266,248,255,291,296,307,306,321,287,295,258,240,227,223,226,221,196
3304,Ulong Public School,28,21,27,43,39,33,27,19,31,23,26,24,25,20,23,15,11,14,16,20,18,32
3318,Urunga Public School,334,320,293,294,295,276,257,249,216,207,206,198,197,205,196,222,230,225,212,188,187,179
3336,Wakool Burraboi Public School,38,40,29,30,33,23,18,30,30,25,21,13,11,13,12,9,11,12,8,8,11,15
3345,Wallabadah Public School,58,59,52,50,47,46,37,45,41,33,27,24,25,32,28,30,25,24,29,29,35,37
3402,Wattle Flat Public School,28,22,16,13,14,13,11,16,19,20,22,21,28,25,26,22,27,24,24,18,9,9
2784,Nymboida Public School,22,8,12,29,25,19,19,14,16,16,10,14,17,20,19,17,18,14,11,13,15,19
2793,The Oaks Public School,331,333,343,329,315,299,315,319,306,287,298,323,307,318,304,285,284,294,300,320,327,308
2820,Ourimbah Public School,552,539,533,487,484,459,442,418,388,403,430,434,446,444,430,409,407,380,367,362,354,332
2827,Pallamallawa Public School,60,63,42,41,29,30,30,32,31,27,30,34,29,22,30,26,30,22,21,20,24,21
2852,Peats Ridge Public School,60,47,37,37,42,48,45,57,55,45,46,42,43,38,24,20,16,14,15,12,15,19
2870,Pilliga Public School,15,9,SP,6,12,12,14,16,10,8,13,10,11,16,9,15,22,20,11,13,16,18
2884,Pitt Town Public School,125,139,139,137,133,140,140,156,167,185,218,240,267,275,295,280,294,300,246,250,262,290
2886,Pleasant Hills Public School,22,20,25,22,19,15,13,17,14,17,14,16,19,19,20,24,17,16,14,10,12,13
2893,Pomona Public School,34,38,49,38,39,35,19,27,29,24,33,32,26,26,26,25,22,22,17,19,17,19
2895,Pooncarie Public School,18,18,16,17,16,20,8,SP,SP,,,,,,,SP,SP,SP,SP,SP,9,8
2918,Quakers Hill Public School,657,637,650,660,660,685,649,663,674,736,810,860,910,966,1021,1055,1099,1091,1100,1082,1049,962
2970,Riverstone Public School,369,331,276,259,283,290,294,281,269,264,268,239,238,263,340,373,385,436,510,530,597,599
3077,Sofala Public School,SP,7,7,8,10,10,9,10,9,12,15,10,11,10,7,9,10,6,10,12,11,8
3109,Stockinbingal Public School,40,42,33,37,38,31,42,37,33,34,18,25,25,27,25,25,19,18,14,11,11,12
3129,Summer Hill Public School,719,712,715,705,703,712,724,754,764,779,800,830,824,807,776,761,725,692,638,659,653,662
3159,Tanja Public School,21,17,18,20,16,15,17,21,18,18,19,25,20,17,8,11,14,15,16,14,6,6
3218,Tingha Public School,108,109,116,110,109,111,110,111,96,85,83,74,76,60,51,42,37,32,35,30,33,28
3270,Tullamore Central School,109,118,94,79,74,88,85,87,67,93,88,104,83,77,67,71,68,57,60,52,53,54
3277,Tumbulgum Public School,59,66,53,57,48,57,55,49,34,45,45,29,28,22,32,32,24,27,22,10,20,19
3338,Walbundrie Public School,22,17,19,20,24,24,20,20,20,15,13,12,17,16,18,22,21,28,24,19,18,19
3438,Whitton-Murrami Public School,55,56,61,63,70,58,57,44,30,16,15,41,40,35,35,25,26,32,34,34,32,33
3445,Willawarrin Public School,88,89,89,82,84,56,60,54,48,44,46,57,47,44,34,31,30,27,29,27,32,34
3454,Wilsons Creek Public School,60,60,65,55,52,51,63,62,67,64,50,54,57,45,32,17,18,23,22,22,23,23
3522,Wyee Public School,240,236,233,238,238,210,206,201,197,203,208,220,209,214,204,211,191,167,167,178,187,193
3527,Wyong Public School,428,400,394,361,373,375,372,379,390,434,509,494,474,439,461,472,469,462,412,417,408,433
3529,Wyrallah Public School,64,61,59,43,34,26,18,15,18,18,17,24,29,26,24,25,12,18,27,29,34,17
3554,Yenda Public School,156,148,164,168,171,178,187,188,182,166,144,145,140,125,119,104,100,107,113,115,117,106
3563,Young Public School,480,528,537,537,540,544,563,556,581,572,551,558,570,528,547,542,501,500,518,482,524,524
3795,Hamilton South Public School,372,380,380,369,368,362,377,377,390,410,409,431,425,427,434,436,421,409,385,369,376,362
3831,Chalmers Road School,55,52,56,56,56,54,52,59,59,73,72,65,70,65,64,63,69,71,75,77,78,79
3847,Bathurst South Public School,266,254,226,225,222,228,226,228,219,221,226,231,243,249,246,238,219,223,217,215,200,184
3881,Mount St Thomas Public School,320,310,312,310,300,311,305,317,310,324,313,317,325,335,349,344,321,319,329,338,350,354
3886,McCallums Hill Public School,501,500,499,469,450,406,409,384,368,362,370,375,388,389,388,377,372,354,330,333,328,330
3906,Narrabeen North Public School,249,268,307,342,363,411,441,457,497,529,562,596,630,665,697,725,743,756,706,691,641,580
3922,Albury North Public School,265,226,217,220,199,202,219,226,257,270,269,279,262,250,253,247,243,268,256,246,267,285
3945,Finley Public School,217,212,204,218,210,199,189,193,210,223,230,205,196,195,176,167,162,162,144,135,138,139
8589,Thomas Reddall High School,745,681,637,597,599,608,647,649,595,601,592,595,543,542,511,480,495,457,462,455,453,488
8590,Erskine Park High School,830,889,950,981,971,976,986,998,980,998,1018,1007,988,972,957,1009,1015,995,931,849,867,835
8804,Belmore Boys High School,424,456,460,488,460,430,410,387,364,349,318,295,295,308,332,374,431,466,492,525,593,614
8857,"Georges River College, Penshurst Campus",652,651,658,658,678,679,692,710,694,696,685,641,660,638,604,564,530,519,511,479,444,488
8905,Cumberland High School,820,769,710,673,618,580,581,614,603,602,631,622,654,633,617,655,778,801,855,985,1122,1173
8921,Melonba High School,,,,,,,,,,,,,,,,,,,,,282,704
8922,Jerrabomberra High School,,,,,,,,,,,,,,,,,,,,133,227,333
4560,Samuel Terry Public School,497,477,494,496,478,471,501,481,473,461,464,478,511,524,522,555,547,544,520,507,521,521
4610,Mount Terry Public School,637,650,649,665,643,613,612,647,645,678,681,720,740,752,729,719,696,706,656,640,647,635
4642,Ashtonfield Public School,,,,255,348,411,473,552,579,601,634,600,611,623,618,600,538,518,502,525,537,514
4645,Ropes Crossing Public School,,,,,24,49,68,106,155,225,307,450,594,686,768,832,847,882,870,826,820,789
4659,Southern Cross School of Distance Education,,,,,,,,,,,,,,,626,641,533,545,529,366,241,79
4660,Bayanami Public School,,,,,,,,,,,,,,,,78,362,459,611,795,718,663
4677,Nangamay Public School,,,,,,,,,,,,,,,,,,,,240,363,413
5114,Ferncourt Public School,263,273,272,309,316,357,354,366,390,412,429,432,440,439,444,446,425,380,367,342,311,285
5128,Nillo Infants School,56,56,56,48,52,59,63,56,56,53,48,55,59,56,58,53,53,56,53,60,53,52
5247,New Lambton Heights Infants School,63,64,63,58,64,63,54,53,58,78,81,79,76,72,71,77,87,72,65,58,53,55
5529,Broderick Gillawarna School,74,81,84,88,87,94,100,107,105,109,104,102,95,98,104,101,98,97,100,96,102,100
5580,Parry School,16,16,15,16,17,12,15,16,16,18,17,15,17,19,12,14,19,21,18,19,18,20
5581,Karningul School,SP,7,15,12,13,12,13,12,15,15,15,9,17,18,18,21,20,19,20,19,19,20
5614,William Rose School,41,50,50,52,60,67,67,65,66,64,62,79,84,83,84,83,83,83,83,88,86,86
5631,Wairoa School,62,64,62,56,54,62,61,63,66,68,67,63,57,53,57,61,65,71,70,73,71,75
5698,Havenlee School,36,39,46,44,46,42,40,40,40,39,40,43,50,56,61,62,61,61,60,68,68,67
5713,Lucas Gardens School,32,33,34,33,34,29,31,28,31,37,32,31,24,34,41,46,54,69,75,77,77,78
5730,Gralee School,21,22,21,19,16,14,14,18,15,17,18,21,21,17,16,15,19,20,23,28,29,28
7301,Canowindra Public School,209,200,184,181,172,170,176,164,177,191,214,217,228,217,234,224,214,211,203,193,189,181
7303,Gloucester Public School,321,305,269,282,259,287,299,308,321,327,329,335,330,342,314,290,310,307,296,279,281,275
7316,Dorrigo Public School,176,156,162,176,166,171,165,148,128,131,124,128,110,90,100,103,92,92,88,73,78,72
7401,Arncliffe Public School,390,384,382,408,396,389,396,391,389,422,423,431,427,420,409,410,401,388,413,403,409,373
7420,Hamilton Public School,205,213,221,233,223,217,242,241,246,246,251,267,280,292,303,317,317,318,298,298,293,306
8104,Bowral High School,957,970,966,912,861,854,870,908,889,871,851,850,853,859,798,777,782,726,705,638,583,564
8119,Hay War Memorial High School,253,277,272,263,254,226,219,215,182,187,193,203,186,182,173,149,160,155,143,145,146,155
8120,Hornsby Girls High School,718,719,717,718,726,735,736,730,728,723,723,721,726,733,727,722,721,721,709,715,717,722
8135,Parramatta High School,737,701,694,681,759,730,774,835,827,848,860,858,864,862,911,966,1024,1087,1210,1242,1185,1128
8154,Casino High School,755,768,776,775,747,746,714,737,733,698,666,662,668,643,630,620,605,598,587,589,602,567
8169,Strathfield Girls High School,1078,1091,1077,1080,1046,1094,1148,1126,1144,1157,1152,1161,1150,1127,1074,1028,1069,1081,1037,1033,1096,1063
8170,Narrabri High School,656,663,668,646,611,598,574,568,590,588,615,588,552,509,488,489,505,521,512,517,448,420
8171,Kiama High School,1344,1330,1303,1311,1325,1285,1300,1235,1183,1104,1094,1089,1048,1071,1041,1047,1023,913,885,800,789,761
8186,Liverpool Boys High School,634,618,622,635,634,615,621,620,593,566,540,564,598,560,548,545,527,506,508,518,517,555
8188,Gunnedah High School,577,603,588,602,580,573,571,562,543,490,448,435,422,391,414,426,432,399,357,390,426,438
8204,Dapto High School,848,866,903,935,919,928,972,985,953,960,964,963,913,907,917,916,964,969,972,957,979,988
8205,Illawarra Sports High School,1202,1178,1132,1096,1000,904,920,884,828,715,714,684,708,691,737,766,810,862,840,830,850,926
8220,Randwick Girls High School,895,834,855,873,903,890,878,884,916,897,906,909,942,969,939,934,934,909,856,837,809,
8252,Strathfield South High School,628,591,574,607,601,632,681,716,675,677,642,609,599,539,602,618,650,631,582,556,539,549
8910,Cammeraygal High School,,,,,,,,,,,,98,207,370,505,635,770,839,867,873,905,905
8560,Prairiewood High School,992,965,953,892,887,905,923,962,979,1040,1119,1184,1186,1226,1214,1194,1234,1276,1278,1281,1303,1288
8567,Northern Beaches Secondary College Manly Campus,748,759,777,766,772,763,777,770,799,800,795,792,787,789,783,789,795,789,775,761,765,766
8592,Cherrybrook Technology High School,1752,1775,1818,1813,1882,1947,2002,2037,2045,2036,2003,2012,1962,1935,1982,2005,2013,2005,2047,2094,2058,2098
8594,Quakers Hill High School,943,941,939,953,997,1003,1030,1013,1033,1077,1037,1026,1033,989,958,866,833,853,860,860,861,925
8599,Bradfield College,398,399,431,458,434,405,370,349,330,357,320,348,295,335,295,290,304,286,307,316,332,322
8851,Northern Beaches Secondary College Balgowlah Boys Campus,424,470,481,525,486,451,495,530,528,545,566,637,695,773,906,1039,1143,1176,1172,1142,1113,1100
8919,Bungendore High School,,,,,,,,,,,,,,,,,,,,90,161,197
8926,Randwick High School,,,,,,,,,,,,,,,,,,,,,,1461
8355,Bourke High School,156,182,167,168,155,146,158,158,156,157,160,150,151,143,150,153,149,153,123,132,117,134
8371,Gloucester High School,431,417,412,379,412,363,356,337,346,352,355,356,361,339,372,379,360,342,329,316,302,309
8406,South Grafton High School,967,970,959,993,1029,967,967,1010,952,879,837,747,613,546,521,564,651,711,729,712,695,639
8420,Evans High School,701,702,674,666,659,714,759,800,774,774,769,725,689,734,609,642,653,577,725,777,848,815
8456,Fairvale High School,1340,1356,1406,1391,1455,1400,1397,1364,1383,1389,1362,1371,1378,1383,1445,1468,1499,1508,1440,1353,1326,1320
8470,Wade High School,686,682,672,682,718,746,766,785,796,798,788,741,747,727,684,,,,,,456,461
8472,Dungog High School,790,795,770,748,719,677,662,648,627,627,657,678,682,658,622,633,605,599,567,589,586,566
8505,Murray High School,908,905,841,826,739,725,791,769,729,702,715,687,658,613,656,708,690,643,595,559,557,575
8522,Blaxland High School,1157,1167,1104,1060,1063,1063,1055,1009,914,919,970,975,999,1007,997,993,973,985,992,981,982,998
8553,Macquarie Fields High School,1019,1012,997,1026,1022,1038,1046,1049,1055,1057,1062,1082,1100,1105,1125,1133,1115,1089,1110,1120,1126,1091
8806,Canterbury Girls High School,686,646,641,620,661,673,662,652,655,683,682,676,697,721,746,738,763,778,772,739,727,722
8822,Macarthur Girls High School,991,1001,1031,1018,1028,1027,1035,1040,1055,1046,1032,1036,1023,1004,1025,1115,1198,1135,1086,1055,1021,997
8888,Wiley Park Girls High School,641,615,583,619,568,569,591,596,589,582,557,526,489,497,480,476,501,530,543,564,588,589
8906,Oak Flats High School,885,852,804,776,753,768,774,790,792,811,805,797,800,753,688,646,652,641,640,610,638,648
8907,Riverstone High School,424,418,406,381,378,354,330,326,335,334,316,288,278,285,307,344,403,496,568,716,780,861
4095,Mount Ousley Public School,161,168,161,162,144,161,160,165,168,190,192,214,213,217,219,236,209,195,175,168,173,193
4097,Tuggerawong Public School,274,264,265,270,267,257,250,228,205,209,218,220,241,247,263,242,237,225,210,215,227,208
4122,Miranda North Public School,242,240,248,246,255,256,268,267,270,287,295,292,306,312,313,351,364,367,344,337,312,291
4129,Heaton Public School,184,172,170,171,162,170,162,159,194,207,188,178,205,213,193,192,185,170,167,173,180,162
4131,Young North Public School,303,263,271,269,258,241,245,253,233,231,251,270,297,253,282,305,298,297,312,313,306,298
4138,Penrith South Public School,413,404,391,373,373,383,348,368,382,409,429,428,480,513,507,523,519,521,468,443,427,441
4163,Elermore Vale Public School,351,355,358,346,340,365,398,389,399,418,424,407,380,377,401,376,353,335,305,297,292,290
4165,Epping North Public School,321,346,360,360,377,395,406,414,405,419,430,412,420,420,447,477,481,462,453,434,414,382
4197,Blacksmiths Public School,118,121,121,123,126,136,139,131,125,108,107,108,97,93,85,94,95,96,99,111,92,103
4249,Wheeler Heights Public School,520,513,527,499,497,516,501,511,528,523,541,522,503,492,493,478,456,464,462,469,454,430
4290,Mount Druitt Public School,392,416,422,435,461,453,483,512,499,511,541,517,560,540,546,557,523,469,499,493,556,565
4299,Chifley Public School,179,179,215,219,214,218,233,228,218,224,212,196,185,168,169,166,176,196,209,205,211,227
4354,Faulconbridge Public School,332,335,346,342,336,328,338,324,338,319,298,316,318,319,322,332,330,333,328,337,355,368
4365,Hornsby North Public School,451,472,515,549,633,662,710,767,787,814,820,814,837,850,912,949,998,980,991,1010,989,937
4372,Irrawang Public School,397,382,318,280,256,253,259,254,278,279,282,280,292,326,333,346,350,347,342,339,315,304
4397,Wyoming Public School,323,319,306,293,275,273,249,252,271,269,306,290,329,346,363,373,381,361,357,343,317,302
4399,Hayes Park Public School,489,479,467,483,481,493,490,512,517,527,523,538,517,541,554,549,564,587,606,594,608,601
4406,Bradfordville Public School,227,213,240,225,222,218,226,236,222,218,234,263,264,256,288,291,289,302,333,332,312,312
4413,Parkview Public School,195,176,181,194,178,166,172,188,235,272,316,323,354,393,404,409,403,391,386,374,376,373
4431,Marton Public School,396,369,334,336,349,365,344,357,366,384,402,419,424,427,426,405,406,386,358,337,336,318
4456,Franklin Public School,284,275,244,242,233,236,271,287,290,282,288,314,310,292,286,281,284,266,272,273,251,239
4463,Flinders Public School,507,502,562,568,566,550,553,530,530,535,526,541,555,554,568,592,563,551,501,505,514,518
4483,Grose View Public School,346,335,358,380,363,354,354,320,296,281,278,243,234,223,224,236,249,242,242,244,267,265
4490,Campbellfield Public School,337,334,298,288,267,257,198,180,169,182,176,190,209,258,284,304,325,338,343,372,381,351
4515,Kambora Public School,238,247,234,230,215,208,210,191,181,168,160,178,194,217,248,223,211,183,147,136,104,32
4522,Wamberal Public School,536,517,530,514,494,499,505,490,548,591,633,700,732,719,740,727,699,648,619,564,522,475
4524,Hastings Public School,513,495,472,466,431,436,482,506,549,573,605,663,672,703,670,679,650,613,555,512,527,526
4531,St Clair Public School,286,270,277,284,277,284,287,284,278,278,286,295,275,269,283,271,291,284,282,280,284,325
4538,Bowen Public School,277,231,211,225,203,175,174,170,158,168,175,212,228,236,243,263,242,237,250,238,226,217
4556,Wytaliba Public School,8,8,SP,SP,8,6,7,8,6,7,10,10,10,9,10,13,8,8,9,9,11,13
4572,John Purchase Public School,620,596,603,565,557,594,629,654,682,701,693,686,671,673,655,644,652,641,633,601,586,550
4581,Frank Partridge VC Public School,252,244,251,240,239,213,207,215,222,204,219,211,207,221,234,216,228,214,227,203,201,217
4588,Northlakes Public School,589,597,582,567,560,512,491,458,456,416,376,363,380,385,382,379,377,356,342,332,333,341
4599,Barnier Public School,555,552,538,576,593,643,633,690,738,801,848,838,842,888,905,884,874,876,868,866,789,788
4606,Mullaway Public School,200,203,190,178,170,169,162,164,167,161,176,190,205,209,241,260,262,259,266,280,275,266
4615,Caddies Creek Public School,344,492,594,700,750,840,900,914,918,938,964,986,1039,1036,1049,1066,1053,1020,1006,974,940,868
8831,Northern Beaches Secondary College Mackellar Girls Campus,966,964,981,962,990,1001,1047,1102,1148,1197,1230,1252,1249,1260,1252,1322,1296,1228,1159,1145,1093,1023
8880,Callaghan College Jesmond Senior Campus,539,508,580,596,625,645,673,696,700,678,702,735,756,727,644,612,618,612,628,624,677,659
8913,Inner Sydney High School,,,,,,,,,,,,,,,,,147,358,591,797,999,1161
8915,Armidale Secondary College,,,,,,,,,,,,,,,,1158,1152,1144,1126,1113,1034,1029
5572,George Anderson Walpole School,25,39,28,28,35,31,33,30,29,29,18,,,,,,,,,,,
5655,Clarke Road School,60,56,62,64,61,67,68,61,59,51,56,61,62,63,62,66,62,60,63,57,60,61
5688,The Hills School,89,88,94,96,91,103,115,113,117,116,115,115,112,113,111,105,107,115,115,114,115,112
5723,Five Islands School,8,SP,SP,6,11,18,25,26,26,25,38,37,38,38,38,38,37,46,48,50,51,51
5757,Lincoln School,28,19,19,25,28,24,32,26,28,14,23,28,31,18,24,37,22,13,18,16,16,14
5770,Tirriwirri School,,,,,,,,,,,,,,,,,,11,26,33,32,34
7411,Croydon Public School,550,571,596,632,641,633,645,671,663,690,704,688,673,696,684,669,662,638,624,606,578,576
7442,Woollahra Public School,530,539,560,572,580,594,603,625,639,643,692,726,776,777,770,767,763,730,688,710,701,667
8127,Maitland Grossmann High School,1023,1006,1038,1017,1050,1069,1148,1196,1250,1276,1292,1318,1305,1251,1196,1086,1046,973,913,914,954,900
8129,Murwillumbah High School,648,686,675,622,629,611,639,638,615,589,557,505,505,468,440,430,470,392,380,654,577,347
8147,Conservatorium High School,186,197,201,192,168,147,146,150,155,151,156,159,160,152,145,151,153,159,153,151,151,156
8161,Randwick Boys High School,742,717,702,669,678,657,685,615,634,659,663,678,625,634,602,619,635,649,675,636,632,
8162,Macksville High School,749,751,697,690,645,623,629,627,632,626,626,538,549,520,504,472,499,516,504,448,412,365
8163,Penrith High School,903,897,894,903,900,905,903,912,927,926,931,939,951,926,922,917,915,930,935,936,928,930
8164,Muswellbrook High School,757,751,733,720,688,705,728,757,781,718,701,753,782,825,868,860,886,804,784,718,700,648
8179,Junee High School,318,305,332,330,280,258,227,230,246,228,214,219,205,204,212,221,236,248,247,244,245,237
8195,Ballina Coast High School,608,584,578,595,552,543,557,539,508,476,433,397,383,832,802,859,954,909,872,896,817,722
8196,Monaro High School,704,725,685,670,592,582,593,564,566,543,512,488,476,462,460,451,461,450,435,420,386,372
8213,Birrong Boys High School,498,451,463,474,495,442,415,405,373,348,338,354,366,341,380,374,372,381,370,376,363,366
8246,Heathcote High School,1003,1005,1014,1000,984,924,863,823,815,791,795,820,777,741,713,737,712,677,676,677,669,633
8247,Kingsgrove High School,1020,1044,1056,1059,1039,1039,1074,1044,1034,1035,1033,1033,998,989,980,926,822,773,715,702,682,672
8263,J J Cahill Memorial High School,482,419,368,359,362,388,387,378,360,375,320,295,302,319,324,327,320,308,296,278,287,298
8279,Lake Munmorah High School,773,864,917,929,910,895,911,864,868,850,804,765,699,715,717,712,722,704,672,662,651,610
8280,Camden Haven High School,1009,974,1001,979,1002,1019,1057,1102,1061,1063,1024,1037,1015,1119,1070,1047,1017,1027,1024,965,901,896
8281,Great Lakes College Senior Campus,385,353,364,417,420,422,453,463,436,431,430,419,451,457,412,395,403,346,344,353,319,349
8347,Coonabarabran High School,435,402,362,398,385,378,417,416,414,377,360,369,371,389,368,376,349,351,318,306,301,298
8362,Maclean High School,993,976,1010,1017,1030,1071,1097,1087,1087,1074,1023,957,912,867,850,796,793,794,790,718,683,689
8462,Narromine High School,370,394,343,299,299,278,290,259,238,247,229,222,232,217,193,207,218,229,227,221,228,223
8480,Warrawong High School,437,410,412,452,435,469,492,522,489,511,551,638,619,597,519,558,541,517,532,564,585,591
8481,Galston High School,857,830,779,762,811,781,774,753,751,716,722,733,679,647,627,612,612,583,517,525,549,570
8497,James Meehan High School,537,541,470,444,428,395,374,344,336,333,342,334,309,286,293,291,313,319,328,371,385,395
8513,Brisbane Water Secondary College Umina Campus,984,970,900,919,901,942,886,894,870,853,850,833,873,892,878,906,910,924,865,833,774,787
8531,St Johns Park High School,1200,1184,1177,1188,1262,1254,1231,1192,1147,1089,980,925,888,859,836,897,933,927,927,914,953,923
8548,Woolgoolga High School,1092,1080,1085,1081,1013,974,937,899,883,873,840,852,839,826,838,812,812,788,818,812,843,867
8561,Shoalhaven High School,991,928,929,912,848,827,764,767,741,708,717,714,632,632,589,624,581,597,628,639,634,610
8565,Hawkesbury High School,702,676,660,645,640,611,581,570,532,562,550,505,477,438,423,407,421,444,460,438,438,418
8254,Bankstown Girls High School,626,625,636,642,633,689,697,650,640,642,603,555,551,546,548,553,550,525,522,503,561,551
8270,Wee Waa High School,198,203,192,166,176,171,180,191,179,160,158,155,163,168,165,154,142,131,132,137,169,181
8286,Mount Annan High School,356,544,705,769,812,763,770,720,697,690,649,654,680,760,806,907,927,881,881,855,890,876
8320,Kogarah High School,595,617,636,713,724,778,750,779,816,869,950,1034,1019,940,913,850,842,772,808,804,809,787
8353,Nyngan High School,184,182,188,171,163,170,182,183,182,186,181,170,167,174,182,164,170,146,152,159,143,144
8370,Tweed River High School,961,875,821,781,773,796,860,900,927,901,896,852,796,723,721,693,703,657,610,607,607,590
8372,The Forest High School,576,565,617,634,703,726,718,774,756,814,863,920,894,854,771,775,799,797,728,766,774,769
8386,Gymea Technology High School,659,667,644,636,668,680,716,689,687,644,607,616,604,613,613,641,654,619,623,606,590,554
8403,Mitchell High School,994,1001,1045,1040,1050,1081,1046,1020,1040,1015,992,992,981,963,936,976,1001,975,897,900,885,876
8405,Erina High School,1012,1047,1034,1021,979,970,961,946,904,819,724,703,701,695,720,692,720,718,715,741,763,781
8423,Kotara High School,1003,1015,972,1004,987,961,953,970,1017,1014,1020,1034,1114,1082,1070,1121,1127,1147,1168,1130,1119,1130
8455,Oxley High School,1181,1201,1178,1116,1079,1075,1064,1012,967,943,890,869,907,944,967,1013,1042,1028,1011,1024,1025,1007
8487,Eden Marine High School,735,759,746,750,718,702,698,686,706,668,648,628,601,617,583,555,584,555,563,537,522,536
8489,Kanahooka High School,650,655,640,616,591,582,580,595,614,599,594,588,567,589,590,578,620,642,605,557,588,581
8503,Billabong High School,393,379,386,388,398,386,381,368,331,345,339,372,395,386,384,392,375,372,377,352,338,312
8504,Fort Street High School,919,919,919,928,929,927,923,918,928,940,934,941,941,927,909,908,919,913,909,912,913,917
8506,Tempe High School,407,461,555,657,722,795,851,897,918,929,943,942,952,961,941,946,936,952,969,1014,1015,985
8536,Narooma High School,695,679,667,617,557,533,519,469,437,440,399,409,413,437,470,497,487,499,494,461,466,463
8556,Alexandria Park Community School,357,400,369,319,295,320,363,357,381,458,548,594,671,716,804,882,912,1034,1087,1188,1244,1313
8570,Ambarvale High School,863,893,932,946,912,854,852,862,800,793,761,750,741,715,737,778,769,843,852,794,793,807
8571,St Clair High School,1051,1025,1032,1061,1037,1030,1037,1003,937,900,832,753,757,677,664,675,653,685,653,686,746,718
8573,Winmalee High School,915,950,991,958,966,953,971,980,984,978,929,885,879,854,875,865,852,828,809,764,735,698
8587,Sydney Distance Education High School,346,458,538,526,538,539,555,645,598,666,665,593,537,483,485,553,582,619,573,578,652,615
8854,Birrong Girls High School,814,818,830,856,837,853,847,882,834,809,815,802,784,807,786,778,830,845,792,728,703,726
8924,Jindabyne High School,,,,,,,,,,,,,,,,,,,,299,275,277
3979,Bellambi Public School,307,299,298,276,256,232,205,185,169,176,181,166,164,165,172,184,156,131,151,147,168,182
3981,Chester Hill North Public School,510,529,554,554,570,535,538,527,517,530,538,507,520,517,536,534,472,423,416,429,427,400
3986,Yennora Public School,126,118,122,139,134,143,148,164,170,184,191,188,191,194,216,234,247,230,247,241,244,244
3988,Biraban Public School,199,196,183,162,143,140,143,104,110,109,112,111,106,120,141,130,118,122,149,156,155,163
4020,Glenroi Heights Public School,256,266,243,238,244,236,222,223,230,206,216,217,212,209,225,232,227,235,219,214,229,208
4065,Villawood North Public School,298,305,303,323,321,306,310,310,292,282,277,270,274,261,268,269,248,265,243,256,258,250
4088,Padstow North Public School,219,215,242,258,282,293,314,321,348,341,349,361,340,353,374,356,349,344,320,339,303,305
4115,Mingoola Public School,8,11,13,20,19,16,13,12,11,7,8,SP,6,8,9,,,,,,,
4147,Erskineville Public School,96,124,177,225,242,271,303,326,310,347,344,373,367,379,389,401,388,375,357,355,352,334
4199,Elanora Heights Public School,475,480,484,481,449,475,493,502,542,547,577,593,578,579,584,573,565,532,486,444,401,387
4206,Biddabah Public School,386,346,368,382,397,392,380,384,427,421,436,453,455,429,427,376,347,346,336,329,331,348
4215,Mount Austin Public School,324,309,303,310,271,260,240,239,250,228,258,243,262,254,233,235,262,249,236,228,241,228
4222,Darcy Road Public School,238,232,238,285,323,371,394,417,412,476,540,593,640,665,652,721,722,706,675,648,626,576
4256,Nowra East Public School,354,318,311,285,287,297,298,290,290,299,321,344,351,373,339,359,426,431,454,451,435,420
4281,Deniliquin North Public School,220,177,167,180,174,157,151,151,151,143,140,143,140,153,156,172,168,169,173,177,176,164
4324,Charlestown South Public School,177,168,172,179,175,175,151,145,148,166,173,181,205,222,219,233,261,262,257,254,254,235
4329,Woy Woy South Public School,672,659,656,649,624,606,588,563,540,522,481,486,493,499,487,521,560,580,592,633,654,648
4331,St Ives Public School,309,280,321,353,381,384,400,391,367,377,393,421,455,493,503,522,536,530,543,526,507,465
4381,Shelley Public School,556,558,562,593,561,558,577,576,584,609,576,572,558,553,543,555,514,475,485,475,450,435
4404,Narranga Public School,585,589,599,585,608,620,624,610,585,617,608,615,608,627,650,670,670,668,645,640,638,669
4440,Cherrybrook Public School,677,665,658,664,684,679,709,691,714,741,740,771,810,832,878,903,955,1005,987,936,936,886
4449,Madang Avenue Public School,301,327,337,359,327,313,296,294,308,299,291,302,303,310,305,304,294,290,288,285,313,320
4488,Kareela Public School,349,367,370,372,366,354,338,340,343,339,374,375,391,396,409,409,401,379,348,321,292,272
4499,Newbridge Heights Public School,555,538,539,536,556,575,569,598,589,584,608,618,627,636,638,626,585,574,529,496,470,440
4506,Toormina Public School,547,517,488,461,404,372,351,330,298,291,292,288,275,272,281,255,263,237,196,195,180,174
4508,Valley View Public School,633,577,562,542,534,531,503,507,512,471,436,420,393,354,343,324,336,326,324,330,318,325
4533,Tuncurry Public School,541,495,468,428,410,404,393,390,380,384,367,404,379,382,383,384,403,384,368,361,356,366
4547,Tanilba Bay Public School,517,514,517,489,461,431,439,447,474,494,518,545,581,592,577,515,475,431,408,384,379,354
4558,Eschol Park Public School,527,512,476,436,427,407,360,349,336,316,331,343,331,334,347,357,355,354,331,340,342,326
4563,William Stimson Public School,532,523,520,530,540,535,553,560,565,564,558,560,541,543,560,526,530,529,522,507,504,459
4565,Clare Public School,6,6,6,7,7,12,14,13,11,9,8,6,7,SP,SP,SP,6,7,7,8,8,9
4574,Samuel Gilbert Public School,660,626,617,565,564,549,573,605,659,670,711,699,738,773,774,755,750,724,712,683,678,643
4583,Edensor Park Public School,374,344,335,299,294,259,246,274,279,303,296,288,283,283,280,279,282,291,271,283,281,286
4597,Mount Annan Public School,635,628,606,592,579,576,585,606,612,619,627,645,668,723,748,753,730,716,705,700,672,653
4622,Claremont Meadows Public School,490,462,474,453,433,401,417,407,421,432,467,500,528,531,554,564,592,616,617,605,642,687
3404,Wauchope Public School,639,656,720,738,702,723,713,723,684,661,674,692,693,750,723,691,667,660,636,617,615,624
3420,Wellington Public School,453,458,460,477,472,493,496,489,486,501,494,508,467,484,483,478,501,463,425,423,411,405
3461,Wingello Public School,37,29,29,25,31,25,26,31,30,28,33,39,31,33,26,17,24,28,25,31,36,40
3536,Yanco Public School,78,63,64,65,62,59,60,58,55,49,42,32,37,38,50,48,46,55,70,60,53,70
3702,Georges Hall Public School,746,747,757,765,764,777,807,814,809,834,844,832,849,851,832,829,814,785,750,722,694,685
3822,Sutherland North Public School,177,181,177,195,201,204,213,223,223,224,243,257,254,265,258,252,258,247,246,235,229,225
3829,Jannali Public School,109,110,123,118,100,100,98,104,113,113,124,134,135,135,138,141,146,145,128,139,137,139
3856,Wyrallah Road Public School,526,525,531,513,508,521,518,505,483,461,499,514,526,513,517,524,521,485,442,410,370,350
3863,Meadowbank Public School,170,181,185,191,175,160,159,168,175,180,217,228,262,324,388,486,536,544,585,661,704,642
3897,Hamilton North Public School,123,118,114,114,118,129,143,166,164,164,178,167,165,163,160,166,167,154,160,145,132,123
3931,Seven Hills Public School,153,147,139,131,120,113,117,118,121,110,99,113,115,123,143,131,137,133,130,130,123,131
3947,Quirindi Public School,327,321,305,320,311,335,360,350,373,343,322,303,273,291,288,307,283,273,281,288,274,277
3954,Wollongong Public School,276,287,307,306,327,362,356,378,431,434,449,441,453,459,479,510,520,500,519,555,576,579
3956,Beaumont Road Public School,288,288,293,290,322,347,371,378,375,378,401,430,419,415,400,408,402,372,347,331,329,310
3970,Collaroy Plateau Public School,384,405,425,436,440,464,488,542,566,597,612,638,632,631,627,619,628,592,543,544,487,452
4004,Jannali East Public School,175,183,183,188,211,226,240,260,281,286,318,333,349,364,374,359,370,352,336,342,336,313
4013,Peakhurst West Public School,368,370,362,375,350,354,345,344,348,366,347,341,316,305,294,280,286,285,296,309,288,291
4015,Mowbray Public School,276,272,261,265,267,263,304,322,325,354,378,377,437,526,595,636,642,656,674,698,700,714
4022,Coal Point Public School,268,263,280,269,274,278,263,237,231,222,221,231,222,243,242,263,279,281,284,270,253,245
4038,Epping Heights Public School,324,331,350,351,346,333,326,339,359,371,421,425,464,474,520,551,558,531,507,458,427,396
4054,Kingscliff Public School,326,330,372,368,393,439,436,474,468,486,509,535,573,624,609,618,569,507,475,427,426,455
4056,Rooty Hill Public School,608,584,580,579,572,576,586,599,568,621,639,658,665,644,644,639,633,612,617,636,671,645
4106,Nowra Hill Public School,88,95,94,91,93,87,101,107,108,105,105,113,145,174,155,143,131,124,131,135,133,131
4190,Black Springs Public School,36,34,25,27,17,11,19,20,16,20,13,10,9,10,9,9,8,11,7,SP,7,SP
4195,Warrimoo Public School,185,177,175,175,201,191,184,203,197,194,186,159,177,169,165,162,146,148,165,156,144,146
4204,Parkes East Public School,307,323,298,266,263,232,229,214,218,220,215,221,261,295,338,344,350,343,330,327,316,281
4263,Tarro Public School,133,140,126,130,121,117,119,104,110,121,123,140,144,152,158,164,151,148,134,118,116,115
4274,Hornsby Heights Public School,336,316,312,310,297,294,306,313,348,357,386,424,430,434,450,459,476,449,431,454,434,420
4279,St Marys South Public School,274,273,274,273,278,289,280,269,296,285,290,320,303,284,313,326,321,306,321,340,326,319
4288,Holsworthy Public School,702,688,657,650,605,583,581,572,570,597,633,677,690,688,707,699,673,637,628,613,572,563
4313,Blaxland East Public School,424,379,359,351,341,338,336,369,376,404,400,393,380,409,408,427,430,430,418,411,389,379
4338,Miller Public School,397,353,325,325,294,291,226,235,216,192,182,182,205,211,220,211,225,232,264,284,312,266
4374,Talbingo Public School,17,17,16,11,10,9,9,11,9,13,14,8,9,7,6,7,9,7,7,10,SP,SP
4379,Floraville Public School,517,532,532,545,579,552,554,558,559,569,563,563,560,556,549,536,544,530,487,487,474,488
4422,Emerton Public School,273,253,239,260,246,238,244,220,214,221,222,234,242,252,232,224,233,231,230,230,225,218
4424,Lapstone Public School,184,189,188,194,191,205,209,217,214,235,238,250,254,251,243,246,222,222,199,180,168,158
4631,Surveyors Creek Public School,342,404,435,451,436,421,422,434,434,482,489,516,534,556,562,563,552,555,517,447,426,424
4633,Jerrabomberra Public School,560,623,710,737,801,818,831,864,849,850,865,883,909,918,943,942,959,944,932,890,858,865
4649,Tullimbar Public School,,,,,64,106,143,185,223,229,250,269,294,304,326,356,412,433,456,460,480,483
4672,Denham Court Public School,,,,,,,,,,,,,,,,,,,846,796,817,826
4681,Green Square Public School,,,,,,,,,,,,,,,,,,,,,,107
4683,Murrumbateman Public School,,,,,,,,,,,,,,,,,,,,107,132,171
5126,Merrylands East Public School,405,412,408,404,386,387,385,381,379,353,348,370,360,370,369,340,383,326,329,327,317,347
5265,Bletchington Public School,476,510,540,547,563,582,579,571,558,572,561,603,629,613,671,663,645,631,629,546,506,503
5460,Yudi Gunyi School,21,21,19,25,22,19,15,22,30,27,24,22,26,18,30,32,26,27,34,37,34,29
5508,Beverley Park School,53,55,53,55,57,56,56,56,57,55,56,54,56,55,56,55,53,56,56,58,58,59
5569,Bullimbal School,30,32,30,33,33,34,34,36,42,44,48,49,48,51,56,52,51,61,66,69,70,70
5635,Forest House School,17,14,,,,,,,,,,,,,,,,,,,,
5674,Snowy Valleys School,9,11,12,12,17,12,14,16,18,21,20,24,26,26,26,23,26,25,30,33,31,30
5735,Campbell House School,62,43,41,44,43,43,48,48,52,51,51,51,49,50,54,59,53,60,51,57,56,60
5760,North Gosford Learning Centre,,,,20,18,20,19,19,21,20,21,23,31,31,29,30,27,29,29,37,46,38
5767,George Bass School,,,,,,,,,,,43,75,97,102,105,107,105,103,103,99,100,102
7305,Manilla Central School,358,366,382,367,361,354,353,375,362,339,332,334,327,301,269,265,256,236,250,247,252,244
7314,Wingham Public School,401,405,403,393,374,351,316,296,295,294,294,320,323,327,315,306,301,309,280,264,242,240
7412,Croydon Park Public School,328,338,365,355,367,369,354,353,368,371,391,403,423,418,446,450,421,414,398,374,347,325
7414,Darlinghurst Public School,110,108,111,112,137,173,188,209,223,253,273,284,312,311,322,322,315,309,281,258,243,210
8107,Canterbury Boys High School,467,459,466,468,483,486,495,495,476,449,407,387,352,348,348,346,356,344,372,391,412,422
8123,Kempsey High School,550,525,497,495,482,482,498,542,495,479,470,442,451,466,489,461,457,478,497,547,556,584
8125,Lithgow High School,1083,1068,1062,1031,1004,929,950,897,864,857,829,820,810,782,799,768,780,708,657,670,667,654
8134,Orange High School,1103,1068,1058,1091,1048,1026,1017,1005,1000,1013,994,1019,1039,1062,1073,1112,1143,1139,1073,1036,953,914
8143,Wollongong High School of the Performing Arts,960,960,932,952,893,889,881,921,958,983,1046,1091,1125,1155,1188,1208,1200,1180,1125,1078,1073,1169
8150,Katoomba High School,540,561,602,601,601,576,572,566,534,549,604,612,657,713,802,878,897,954,954,923,883,862
8168,Temora High School,483,474,476,465,413,395,368,359,335,335,348,363,359,334,361,354,354,327,304,290,273,275
8173,Wauchope High School,737,742,748,739,736,682,680,678,662,636,636,629,615,617,560,548,504,489,462,459,427,458
8184,Punchbowl Boys High School,294,285,289,364,367,367,386,395,391,419,456,479,490,497,484,499,479,460,433,452,440,472
8191,Corrimal High School,602,558,541,515,496,487,487,482,477,471,437,401,345,326,320,318,353,397,426,455,549,569
8216,Queanbeyan High School,621,570,519,481,421,435,447,451,462,443,493,514,510,522,503,488,524,543,562,513,450,448
8223,Bass High School,666,663,717,756,815,827,835,844,785,765,742,779,709,659,606,630,620,648,672,726,786,874
8225,Marsden High School,713,690,672,671,732,753,747,730,703,681,681,725,753,800,860,877,877,860,943,1179,1262,1298
8241,Moorefield Girls High School,735,710,652,593,561,508,489,478,441,400,380,377,332,319,301,313,314,331,346,352,387,372
8243,Riverside Girls High School,966,986,1028,1017,1028,1018,1011,956,959,947,923,901,923,954,909,853,855,823,713,651,648,665
8268,Glenwood High School,,230,490,711,955,1201,1341,1429,1465,1496,1549,1487,1496,1475,1471,1426,1403,1409,1363,1413,1414,1507
8318,Kandos High School,241,241,224,205,218,228,232,252,235,232,223,238,237,220,226,200,191,183,166,180,170,166
8596,Wollumbin High School,469,459,455,481,483,458,465,458,462,458,443,460,476,449,442,404,387,384,351,,,161
8916,Oran Park High School,,,,,,,,,,,,,,,,,279,565,895,1187,1501,1579
4438,Wollondilly Public School,442,429,421,417,406,404,368,354,356,360,355,342,339,303,322,332,355,376,354,358,388,387
4447,Hebersham Public School,610,600,613,626,606,571,590,593,597,605,581,607,620,651,631,586,558,545,519,515,523,515
4454,Marra Creek Public School,6,SP,,SP,SP,SP,6,10,10,6,SP,SP,6,SP,6,7,7,SP,9,8,10,8
4458,Briar Road Public School,350,341,389,367,357,341,313,287,280,279,265,254,280,259,272,235,231,247,257,271,278,263
4474,Widemere Public School,320,326,336,290,255,239,227,221,188,199,199,221,243,239,242,248,239,225,213,196,181,169
4479,John Warby Public School,395,354,326,293,295,282,262,247,240,220,208,194,202,204,197,202,183,164,183,205,224,228
4481,St Andrews Public School,939,858,850,801,794,791,738,715,712,749,791,787,780,793,858,861,809,794,784,787,765,761
4549,Orana Heights Public School,556,565,542,547,520,504,495,522,528,552,552,551,576,610,637,698,683,659,661,661,627,614
4590,Hambledon Public School,559,557,551,555,560,578,581,593,593,627,636,633,622,646,653,705,716,767,784,824,709,633
4608,Glendenning Public School,566,555,532,493,484,479,489,482,508,523,548,547,559,599,617,618,623,544,522,468,450,440
4613,Hinchinbrook Public School,745,691,676,631,610,568,539,529,526,511,545,526,570,627,664,642,621,603,576,525,505,487
4624,Greenway Park Public School,690,730,745,762,766,813,783,762,778,747,790,806,816,797,761,757,754,727,672,658,631,620
4640,Sherwood Ridge Public School,259,394,486,553,641,646,709,752,786,844,891,892,940,931,927,876,821,784,738,684,641,584
4647,Middleton Grange Public School,,,,,,37,76,117,137,176,232,279,325,372,386,449,450,463,442,450,470,465
4656,Anzac Park Public School,,,,,,,,,,,,,77,343,569,619,747,793,815,831,794,720
4663,Bella Vista Public School,,,,,,,,,,,,,,,,194,403,639,832,991,1067,1104
4690,Jindabyne Public School,,,,,,,,,,,,,,,,,,,,285,284,283
5401,Glenfield Park School,45,46,47,45,42,41,48,45,33,45,47,39,50,52,53,53,58,51,51,54,56,63
5574,Casuarina School,11,12,25,26,18,24,25,22,36,42,47,39,38,39,43,43,49,47,38,44,41,40
5576,Highlands School,17,20,21,19,19,19,21,21,20,22,23,33,40,31,37,29,33,30,29,31,31,37
5633,Holroyd School,177,173,175,181,167,168,189,186,185,185,185,188,188,184,186,185,185,177,190,186,192,189
5658,Newcastle School,26,28,26,25,24,20,19,15,,,,,,,,,,,,,,
5701,Newcastle Middle School,27,27,30,30,30,36,43,44,40,46,44,43,48,43,42,37,36,32,39,41,44,45
5744,Kandeer School,11,11,11,7,14,17,17,17,18,20,19,17,19,16,13,17,16,19,20,18,17,18
5753,Lomandra School,34,35,41,27,36,33,40,60,69,68,65,60,63,62,65,73,76,75,81,82,79,75
5769,Yawarra Community School,,,,,,,,,,,,,,,,12,20,22,37,44,53,50
7423,Leichhardt Public School,253,248,267,300,371,410,440,513,566,613,646,674,705,735,747,736,723,709,669,602,576,532
8109,Coffs Harbour High School,949,923,868,817,818,804,858,855,891,896,947,901,902,960,1004,954,902,918,886,851,796,783
8114,Glen Innes High School,568,569,576,540,541,554,560,522,512,510,501,486,495,509,476,481,476,456,467,467,459,434
8116,Goulburn High School,683,644,604,555,554,568,593,607,594,610,651,636,659,654,591,591,600,619,596,562,611,648
8118,Griffith High School,740,732,734,690,566,514,489,480,474,466,487,493,528,568,558,,,,,,576,608
8139,Tamworth High School,890,889,862,801,780,734,721,741,713,685,648,663,614,651,667,676,683,654,620,631,601,663
8141,Sydney Technical High School,923,919,929,918,915,918,928,927,914,919,925,922,922,910,917,921,914,918,911,904,901,907
8148,Cowra High School,809,835,865,841,786,744,729,723,724,673,677,649,584,549,523,536,531,522,507,457,442,439
8157,Narrandera High School,275,285,302,291,297,294,299,304,299,287,253,250,250,262,269,304,340,321,346,329,308,299
8200,Macquarie Boys High School,264,256,239,204,40,8,,,,,,,,,,,,,,,,
8207,Hunters Hill High School,395,445,489,585,636,615,575,571,571,563,549,580,609,600,680,701,774,746,764,783,797,790
8209,Cabramatta High School,998,1030,1094,1137,1187,1326,1376,1412,1425,1428,1388,1369,1397,1526,1559,1571,1557,1441,1495,1566,1569,1624
8357,Blayney High School,386,397,365,352,349,358,385,374,368,365,406,373,384,359,349,346,334,333,320,328,314,296
8400,St Ives High School,819,797,857,834,866,849,861,838,830,906,918,930,944,947,1006,1046,1112,1278,1512,1779,1748,1756
8416,Ku-ring-gai High School,782,815,850,903,828,792,697,596,517,519,490,511,591,619,672,628,579,546,509,491,562,536
8475,Walgett Community College - High School,160,227,136,161,141,99,105,116,104,108,95,107,92,98,107,106,117,119,104,98,107,83
8484,Sydney Secondary College Balmain Campus,486,634,583,573,592,573,568,613,625,688,721,744,799,785,758,803,754,792,818,828,882,854
8500,Girraween High School,759,756,756,755,749,752,759,752,754,756,760,760,761,757,757,753,755,753,775,783,780,784
8518,Canowindra High School,277,258,264,256,264,253,238,227,212,231,212,225,234,246,238,240,264,268,278,259,258,239
8532,Leumeah High School,851,832,864,902,882,903,907,881,839,817,787,790,778,773,769,787,734,753,718,702,690,691
8552,Crestwood High School,967,902,864,856,908,926,992,1008,1015,1058,1062,1016,980,959,918,967,1020,1006,1013,1014,1041,1022
8575,Robert Townson High School,987,949,953,928,901,903,895,879,879,896,831,822,794,759,727,739,760,756,753,771,776,742
8577,Byron Bay High School,847,801,759,708,624,659,718,782,794,802,800,792,844,832,816,774,722,704,715,776,774,820
8584,Elizabeth Macarthur High School,998,908,810,799,769,770,835,905,937,964,951,1006,1058,1122,1190,1292,1324,1291,1326,1331,1355,1400
8586,Albion Park High School,916,899,859,892,902,956,925,906,925,847,826,814,767,772,747,823,906,919,983,969,932,900
8591,Narara Valley High School,836,848,870,926,956,1071,1121,1149,1205,1175,1162,1122,1039,950,906,851,824,788,762,720,680,629
8870,St Marys Senior High School,848,846,892,857,847,869,892,903,896,898,905,908,913,907,901,902,909,896,887,876,895,926
8884,Epping Boys High School,1062,1062,1067,1048,1060,1097,1114,1103,1122,1117,1140,1122,1152,1156,1181,1278,1349,1345,1392,1400,1415,1493
8909,Toronto High School,845,855,910,922,869,857,844,860,875,867,884,910,968,944,956,992,961,964,930,916,960,952
8911,The Ponds High School,,,,,,,,,,,,193,463,811,1113,1440,1769,1851,1949,2059,2209,2321
8927,Gledswood Hills High School,,,,,,,,,,,,,,,,,,,,,,87
4638,Ironbark Ridge Public School,,55,123,187,254,346,421,513,547,553,558,611,655,783,981,978,974,984,917,873,829,754
4658,Lindfield College,,,,,,,,,,,,,,,,315,365,510,713,838,837,803
4674,Estella Public School,,,,,,,,,,,,,,,,,,134,227,295,367,402
5133,Stanford Merthyr Infants School,71,74,72,68,60,55,68,69,68,55,68,74,68,67,76,81,80,64,67,58,46,54
5242,Mulyan Public School,423,410,377,353,364,340,345,370,352,354,354,343,341,306,294,294,302,294,300,306,327,336
5251,Homebush West Public School,269,293,304,337,339,348,371,394,381,406,480,499,514,555,565,581,576,577,562,538,469,424
5260,Cardiff North Public School,210,181,167,155,134,124,119,121,118,132,140,153,150,159,159,161,173,149,135,145,141,149
5583,Verona School,12,15,,17,15,11,18,24,23,29,34,34,32,38,36,35,39,55,60,66,94,89
5610,Carenne School,57,59,58,73,75,78,81,84,86,88,95,113,108,105,116,116,115,109,110,101,101,97
5642,Halinda School,105,92,93,100,106,106,121,119,119,120,117,114,113,114,112,112,113,114,113,113,114,114
5644,Para Meadows School,129,133,121,111,99,90,99,96,103,102,105,108,110,108,111,106,110,107,109,117,117,113
5685,G S Kidd Memorial School,23,24,25,20,19,21,24,30,32,32,33,40,37,33,36,36,33,33,35,31,35,35
5699,Kalinda School,33,41,45,38,38,35,31,32,31,41,38,42,39,37,34,31,29,30,35,33,34,38
5703,Carinya School,69,58,52,45,47,44,36,36,44,44,53,53,52,44,44,37,47,38,46,53,52,55
5758,The Bidgee School,,,9,14,11,15,14,14,18,21,20,19,19,27,41,46,42,52,53,52,50,48
7307,Orange Public School,738,718,724,712,698,641,643,620,621,635,668,646,659,665,679,703,696,725,715,743,759,761
7405,Bankstown Public School,916,955,928,912,912,911,926,993,972,918,952,948,896,866,887,811,775,805,781,792,757,736
7407,Bondi Public School,73,72,75,74,130,210,272,332,393,463,515,557,595,572,585,596,571,551,532,496,492,464
7416,Eastwood Public School,703,683,643,658,673,651,690,702,733,802,814,808,794,839,882,907,892,872,867,836,763,701
7430,Mosman Public School,528,562,598,591,591,598,623,652,671,676,696,710,687,692,688,668,655,627,583,518,490,458
7432,Paddington Public School,281,284,299,312,306,284,270,280,261,255,264,286,310,329,279,291,250,229,206,173,146,147
8132,North Sydney Boys High School,902,915,915,920,917,920,928,911,911,917,919,923,923,927,927,915,915,937,936,927,926,933
8159,Willoughby Girls High School,817,810,803,841,918,930,931,916,915,921,968,957,974,973,951,962,968,938,923,992,1009,1036
8166,Wyong High School,741,724,733,733,752,814,802,803,761,760,720,735,748,741,742,741,770,726,696,700,680,674
8193,Mullumbimby High School,963,899,897,893,858,859,745,701,667,657,629,619,630,625,627,638,634,617,565,569,562,623
8232,Chatswood High School,821,858,893,938,1020,1053,1097,1228,1306,1342,1388,1368,1440,1505,1513,1575,1565,1628,1688,1830,1977,2147
8250,Sir Joseph Banks High School,550,549,546,562,540,547,525,522,533,535,544,542,570,578,606,633,717,788,805,880,942,945
8266,James Fallon High School,713,671,677,647,664,650,682,695,712,703,700,681,698,722,733,738,708,737,681,649,672,671
8273,Cecil Hills High School,1054,1103,1160,1128,1176,1199,1220,1182,1177,1182,1198,1199,1258,1321,1343,1400,1462,1450,1407,1399,1393,1342
8284,"Georges River College, Oatley Senior Campus",860,875,857,867,910,909,888,900,922,904,859,883,883,844,820,725,752,800,745,663,681,741
8334,Yass High School,441,431,425,428,408,438,472,487,480,449,472,484,479,495,531,543,530,512,499,500,532,557
8368,Moruya High School,704,715,728,698,683,698,709,705,680,685,690,633,604,581,571,558,528,474,427,390,336,356
8377,Picnic Point High School,914,949,970,960,961,978,976,986,1005,1018,1023,1014,1027,1025,998,997,984,932,858,892,906,865
8382,Castle Hill High School,1145,1126,1100,1088,1136,1201,1276,1270,1335,1354,1407,1485,1534,1631,1730,1801,1965,2008,2051,2028,1900,1845
8407,Mount Austin High School,686,609,615,560,553,535,559,510,490,501,550,517,473,466,429,463,492,507,530,493,496,522
8450,Tumbarumba High School,172,183,182,183,166,175,178,179,170,179,173,167,164,179,190,192,177,160,150,166,162,148
8468,Mulwaree High School,600,658,661,702,740,770,792,802,839,836,829,824,804,837,852,894,916,896,885,831,811,819
8218,Deniliquin High School,630,632,608,646,611,608,616,587,564,547,546,543,515,518,484,490,512,505,496,462,448,432
8259,Callaghan College Wallsend Campus,850,908,919,991,951,921,911,906,999,1039,1059,1113,1090,1067,1116,1077,1114,1072,1014,940,905,890
8282,Banora Point High School,177,366,472,576,592,649,643,573,518,489,500,512,556,599,598,641,623,581,572,546,524,503
8291,Rouse Hill High School,,,,,,178,325,427,563,642,686,720,763,829,829,868,926,1022,1126,1217,1289,1316
8325,Moree Secondary College,192,191,178,168,165,156,211,232,226,256,252,224,255,212,187,188,186,186,166,183,387,369
8343,Tumut High School,530,516,533,525,543,555,553,549,554,546,548,537,564,557,538,530,534,510,472,431,407,384
8373,Five Islands Secondary College,277,280,315,296,324,327,343,298,309,324,311,234,310,207,358,213,345,279,227,271,304,293
8384,Westfields Sports High School,1504,1518,1565,1562,1609,1645,1678,1639,1551,1585,1637,1648,1667,1671,1662,1677,1636,1627,1492,1449,1440,1538
8391,Wingham High School,764,788,753,745,731,705,738,719,715,686,658,618,570,530,521,511,518,564,547,541,550,520
8393,Canley Vale High School,770,822,910,987,1066,1140,1191,1258,1305,1359,1402,1440,1417,1486,1531,1560,1574,1589,1601,1592,1610,1651
8409,Scone High School,489,461,462,479,479,447,454,461,427,424,411,384,384,389,351,351,344,335,314,297,304,316
8418,Warilla High School,934,999,1047,1099,1115,1155,1189,1207,1198,1143,1155,1103,1156,1211,1255,1269,1264,1261,1209,1125,1063,1020
8432,Engadine High School,892,908,910,849,888,907,926,949,977,1026,1058,1065,1041,1041,1034,1035,1031,1021,980,1007,1033,1063
8443,Colyton High School,774,777,841,850,867,838,823,821,786,735,713,703,706,677,684,730,770,850,825,723,749,765
8452,Crookwell High School,288,296,292,285,296,283,295,296,291,282,261,253,236,236,249,237,231,231,213,200,211,182
8457,Killara High School,1237,1295,1360,1452,1469,1485,1521,1544,1569,1589,1590,1602,1618,1628,1649,1667,1674,1608,1610,1631,1685,1803
8459,Chifley College Mount Druitt Campus,604,624,665,673,669,673,639,637,631,575,542,541,501,434,463,476,512,570,610,626,597,648
8466,Glendale Technology High School,814,796,791,775,770,791,808,795,781,799,817,814,766,796,779,774,799,771,780,761,788,802
8477,Kellyville High School,458,680,853,1059,1170,1145,1084,1048,1005,968,1016,1035,1024,1063,1051,1009,976,863,813,836,865,869
8491,Willyama High School,711,663,628,606,630,616,628,581,546,538,492,492,470,471,476,476,514,530,550,570,592,570
8493,Airds High School,544,522,519,510,489,482,481,458,417,421,425,441,410,426,439,427,471,478,458,482,521,542
8502,Tomaree High School,1265,1244,1237,1214,1178,1150,1179,1220,1230,1303,1257,1227,1216,1159,1113,1103,1186,1143,1088,986,969,986
8509,Newcastle High School,1147,1047,1016,960,1000,1002,1007,1008,965,935,1029,1034,1011,1079,1079,1157,1210,1227,1202,1172,1128,1072
8516,Cambridge Park High School,581,582,611,582,579,565,568,576,567,566,578,612,655,696,707,682,691,647,629,631,612,633
8527,Toormina High School,1069,1057,1064,1038,1006,947,904,873,773,724,737,695,708,710,736,780,782,776,741,774,745,739
8541,Keira High School,787,735,757,759,791,810,826,859,937,936,949,949,938,929,899,886,897,851,806,748,725,723
8543,Dubbo College Delroy Campus,561,533,513,479,490,467,457,413,529,447,412,409,463,482,519,559,567,638,624,525,494,468
8550,Fairfield High School,1145,1126,1146,1082,1016,1144,1109,1041,1008,990,969,969,1000,1196,1149,1104,1169,945,1062,1040,1096,1123
8559,Jamison High School,887,915,925,952,956,982,976,967,995,1016,1006,992,999,1003,990,942,926,929,871,874,872,834
8568,Northern Beaches Secondary College Freshwater Senior Campus,487,488,546,546,514,549,576,574,620,624,604,611,602,599,621,618,632,627,641,652,653,647
8582,Bossley Park High School,1475,1457,1432,1466,1437,1449,1448,1464,1490,1489,1484,1479,1451,1430,1445,1406,1388,1395,1289,1231,1161,1106
8593,Vincentia High School,954,942,972,1021,1014,1038,1069,1073,1071,1028,1007,1013,1013,1047,1020,1020,1069,1026,967,923,942,927
8852,The Jannali High School,855,876,873,869,844,826,810,764,730,694,661,647,705,743,803,863,979,1062,1050,1053,995,925
8918,Wentworth Point High School,,,,,,,,,,,,,,,,,,,,,,188
8482,Lambton High School,1140,1123,1100,1107,1067,1054,1065,1029,1047,1059,1080,1095,1101,1116,1127,1161,1169,1143,1156,1180,1163,1176
8507,Sydney Secondary College Leichhardt Campus,704,689,672,696,693,688,681,666,718,725,760,849,893,945,931,921,938,912,904,858,818,784
8525,Peel High School,403,404,406,401,424,413,453,487,530,564,599,638,662,680,723,746,737,799,716,759,667,629
8534,Great Lakes College Forster Campus,672,653,675,669,689,688,674,664,648,630,614,619,582,581,604,594,613,605,565,507,486,478
8566,Melville High School,959,911,910,874,882,927,931,936,918,844,805,704,690,623,588,608,592,573,517,443,367,355
8811,Granville Boys High School,573,568,518,486,513,459,486,445,436,488,514,566,510,482,490,509,497,569,590,695,768,836
1065,Ashfield Public School,232,223,228,235,231,204,208,233,238,234,288,305,370,442,494,481,471,481,476,499,492,474
1106,Balgownie Public School,290,291,314,308,320,321,319,326,306,315,315,339,349,350,333,333,333,341,336,325,318,329
1138,Barnsley Public School,323,333,321,305,318,312,294,275,261,269,269,264,283,309,330,319,300,309,295,299,301,276
1179,Bellevue Hill Public School,354,357,412,429,426,433,446,474,523,539,567,605,611,619,586,566,524,533,527,545,566,573
1206,Berridale Public School,101,93,99,91,89,90,89,97,108,90,81,61,71,63,61,56,54,51,59,61,64,69
1215,Beverly Hills Public School,396,427,468,495,479,499,497,474,491,494,501,508,527,545,532,522,466,434,394,395,339,320
1224,Bilambil Public School,357,371,354,335,330,309,310,280,281,273,283,298,312,323,324,335,350,339,311,315,299,314
1238,Binya Public School,14,10,13,10,10,10,10,14,19,15,16,13,13,11,13,9,18,18,19,20,19,19
1247,Black Hill Public School,64,62,65,57,60,60,55,67,77,69,86,93,103,104,102,94,82,91,83,87,78,67
1274,Bogan Gate Public School,36,36,33,32,22,29,22,29,23,19,18,12,8,12,9,SP,7,9,12,8,10,11
1288,Bombala Public School,160,146,166,144,129,134,130,126,125,128,132,125,124,108,131,136,125,129,118,112,106,104
1340,Braidwood Central School,295,325,351,385,418,416,411,437,426,405,390,415,376,361,344,351,348,358,367,366,339,306
1379,Brookvale Public School,200,198,204,194,193,187,186,175,165,155,185,213,246,310,311,341,355,351,335,329,307,306
1433,Burnside Public School,232,221,215,217,211,216,214,217,217,218,225,224,236,242,248,250,257,231,213,206,218,218
1497,Canterbury Public School,241,246,264,292,291,266,270,264,255,260,255,260,307,330,367,369,387,369,370,349,348,346
1499,Uranquinty Public School,73,70,70,60,61,59,59,55,57,57,52,46,31,38,31,43,35,39,48,39,33,27
1606,Conargo Public School,35,35,30,30,28,33,29,23,26,29,36,25,22,12,7,6,10,10,11,11,8,12
1647,Coramba Public School,61,70,63,61,60,60,59,56,56,57,47,39,37,36,37,44,41,39,38,41,42,30
1674,Crabbes Creek Public School,39,33,29,36,28,38,36,40,33,34,38,36,38,32,42,34,24,26,22,34,36,37
1681,Crescent Head Public School,243,223,213,218,188,182,173,187,170,171,160,180,192,183,178,183,185,193,185,164,172,167
1722,Dalgety Public School,26,33,28,25,16,13,6,10,9,17,18,29,29,20,18,11,12,9,,,,
1749,Denman Public School,152,177,195,190,204,201,200,209,203,185,170,183,178,167,157,159,154,163,162,150,151,147
1774,Drummoyne Public School,546,546,537,554,542,556,587,614,612,647,665,695,702,685,645,620,619,591,533,494,438,427
1792,Dungog Public School,273,278,262,263,256,245,222,210,210,257,270,265,279,273,289,281,253,219,205,210,201,191
1797,Dunoon Public School,93,87,62,67,64,58,56,62,59,74,77,69,80,86,87,85,81,87,88,83,72,72
1799,Dural Public School,364,382,391,396,395,386,357,384,441,436,442,428,426,431,435,438,416,397,368,350,347,350
1849,The Entrance Public School,526,511,509,523,522,556,542,591,609,535,532,546,540,541,500,470,454,442,424,415,431,422
1867,Euabalong West Public School,11,15,16,15,14,15,16,16,19,17,17,19,23,21,25,19,20,20,19,19,15,15
1890,Excelsior Public School,392,391,395,406,375,364,384,399,400,421,434,468,498,523,541,560,583,613,610,604,582,561
1901,Falls Creek Public School,88,85,71,73,73,66,64,67,66,63,53,52,49,48,37,32,38,37,38,55,53,59
1922,Five Mile Tree Public School,12,11,SP,SP,7,,,,,,,,,,,,,,,,,
1926,Forbes Public School,456,461,442,405,394,376,331,310,284,295,291,279,294,291,285,280,303,300,309,326,331,356
1992,Windang Public School,189,197,208,206,196,193,184,173,166,187,171,167,173,170,171,160,154,158,174,190,196,203
2001,Glenfield Public School,359,332,311,306,298,284,263,261,273,272,303,337,392,405,418,432,439,453,449,483,463,470
2131,Hannam Vale Public School,35,25,25,16,15,13,19,18,21,21,17,23,23,21,23,16,18,22,22,28,27,36
2142,Harwood Island Public School,55,51,39,41,47,47,60,61,63,61,75,68,66,62,54,58,49,41,39,32,33,34
2167,Hinton Public School,139,142,130,114,100,101,101,115,107,100,88,82,81,86,86,95,99,100,101,100,95,99
2235,Jiggi Public School,37,35,36,45,50,45,50,49,45,34,31,38,35,30,33,29,28,29,28,28,31,25
2283,Kensington Public School,410,391,386,395,387,394,390,400,400,420,400,437,444,444,434,453,462,450,424,425,417,381
2308,Bexley North Public School,408,419,382,388,414,425,429,443,451,474,494,503,529,528,549,555,542,470,431,405,382,340
2315,Kitchener Public School,70,80,81,83,80,81,82,74,76,81,85,82,78,73,82,80,90,108,113,114,106,113
2333,Krambach Public School,64,53,45,44,48,32,31,29,31,45,26,46,42,32,33,34,31,37,39,39,40,40
2349,Kyogle Public School,329,321,325,314,277,278,280,278,293,304,314,322,315,301,320,307,300,274,281,284,288,260
2374,Largs Public School,42,39,51,64,73,89,95,105,120,131,141,134,139,157,145,142,140,145,147,160,160,155
2394,Lidcombe Public School,571,553,540,567,571,553,573,549,553,578,635,648,675,762,807,813,820,873,839,807,796,762
2410,Lithgow Public School,451,427,457,457,439,456,433,438,426,427,421,406,396,444,413,388,381,372,357,340,324,324
2460,Mandurama Public School,28,29,30,26,32,29,34,32,23,18,12,9,10,10,8,9,7,6,,,,
2508,Mayrung Public School,22,31,31,26,25,27,30,29,31,28,30,30,32,26,32,27,29,27,29,24,22,27
2542,Middle Dural Public School,78,75,58,56,49,42,34,29,25,31,31,28,21,23,21,32,38,42,38,31,34,31
2624,Mortdale Public School,383,365,349,347,344,351,346,350,336,317,322,345,364,374,377,391,406,370,363,351,357,350
2628,Moruya Public School,475,432,433,421,369,366,366,358,345,375,366,368,364,336,345,331,331,338,328,317,318,326
2660,Mullaley Public School,49,48,41,41,31,35,34,36,25,25,29,34,37,41,42,45,41,37,39,33,31,28
2667,Mulwala Public School,96,94,86,85,75,58,68,57,64,65,69,64,49,54,52,59,66,69,71,56,55,48
2703,Narara Public School,374,352,344,337,330,315,314,329,312,337,328,361,378,400,378,400,379,373,355,366,366,377
2708,Narrabri Public School,324,346,336,334,345,358,361,400,391,399,411,414,407,403,399,394,353,329,298,256,255,267
2744,Newtown North Public School,210,208,208,209,207,224,210,235,261,256,260,265,269,283,278,258,256,247,245,241,240,221
2751,Nimbin Central School,234,214,187,183,149,126,123,138,159,174,209,204,199,212,242,244,239,238,225,235,237,245
2760,Normanhurst Public School,250,233,264,288,270,300,308,317,308,316,317,341,327,362,398,417,409,405,386,388,382,372
2769,Nowra Public School,627,594,575,589,617,600,616,628,648,643,648,623,620,628,649,604,581,566,557,537,499,517
2778,Numeralla Public School,13,10,12,15,22,26,32,37,33,34,16,SP,,,,,,,,,,
2842,Parramatta North Public School,258,250,238,241,244,272,251,268,268,297,306,329,361,397,445,433,402,355,306,254,272,253
2844,Paterson Public School,106,103,111,108,102,108,107,101,98,103,104,96,94,103,111,122,112,110,105,111,113,104
2862,Perthville Public School,90,88,95,87,92,102,100,102,117,118,124,129,124,135,133,140,131,135,131,121,117,126
2935,Rankins Springs Public School,25,22,16,15,14,13,13,14,17,17,20,23,23,25,30,27,25,28,28,31,22,18
2951,Regentville Public School,641,606,599,555,563,592,606,633,649,674,700,730,705,716,686,650,654,648,592,564,561,523
2976,The Rock Central School,173,140,148,166,166,169,167,153,152,153,131,142,156,162,183,173,179,187,178,172,161,169
2985,Rollands Plains Upper Public School,11,11,20,24,26,36,30,31,37,22,20,15,17,24,30,37,29,27,23,25,22,24
3042,Sawtell Public School,313,320,280,252,265,277,247,260,259,286,312,320,333,357,352,355,325,310,314,287,280,293
3112,Stokers Siding Public School,53,59,55,57,57,54,43,60,64,51,57,53,45,34,17,13,10,13,26,33,36,37
3119,Stratford Public School,34,31,30,15,25,19,10,15,12,16,17,13,16,15,13,9,8,9,8,14,16,15
3126,Stroud Road Public School,41,34,34,27,29,28,27,32,28,21,15,11,23,14,13,13,12,8,13,8,9,9
3137,Sutton Public School,157,145,127,129,129,136,155,169,185,210,236,254,265,266,279,250,247,228,205,188,157,152
3153,Tallimba Public School,36,32,29,30,26,29,24,29,27,25,20,19,23,24,24,27,24,23,10,8,8,6
3176,Telegraph Point Public School,145,136,119,102,101,95,85,99,92,94,93,102,112,103,110,125,134,129,122,126,132,126
3269,Tuggerah Public School,430,428,417,405,420,433,432,455,475,462,491,504,511,507,503,476,450,424,392,380,371,359
3278,Tumut Public School,362,365,346,315,337,340,343,349,341,343,348,364,345,317,323,332,346,342,304,281,293,288
3321,Vacy Public School,80,86,83,78,79,92,94,85,94,113,106,110,104,106,116,108,119,123,132,120,111,106
3346,Wallacia Public School,101,93,89,93,93,81,86,90,88,81,82,66,84,85,82,67,62,54,66,66,53,53
3421,Wentworth Public School,136,125,113,123,137,132,143,144,137,134,115,129,144,145,117,109,119,121,108,102,106,110
3487,Wongarbon Public School,73,71,74,59,59,59,67,66,73,61,71,70,64,60,52,59,58,57,53,37,38,42
3503,Woolgoolga Public School,354,341,339,331,358,360,379,373,348,348,332,318,352,381,370,387,385,379,367,369,366,349
3519,West Wyalong Public School,200,209,229,245,240,262,282,286,305,304,314,289,284,288,276,256,240,211,199,181,191,202
3521,Wyangala Dam Public School,8,11,10,9,10,11,8,8,11,10,6,SP,6,7,SP,SP,7,SP,,,,
3537,Yanderra Public School,85,59,61,54,43,42,39,43,52,49,54,48,30,33,29,38,42,40,37,36,35,35
3555,Yeoval Central School,142,131,137,133,127,145,160,139,134,148,139,125,138,120,122,110,102,92,88,96,79,75
3678,Warwick Farm Public School,247,243,244,232,240,226,255,260,251,249,233,226,234,227,228,208,217,205,210,213,220,219
3744,Warragamba Public School,427,420,392,382,354,360,388,375,376,373,379,363,348,355,368,364,391,389,398,394,422,434
3762,Wiripaang Public School,157,165,158,151,139,125,122,125,125,194,222,228,233,223,208,201,197,191,176,179,171,182
3789,Condell Park Public School,465,431,432,420,448,482,491,556,533,566,581,559,544,572,571,560,586,571,563,604,585,586
3898,Marks Point Public School,211,189,193,191,190,185,186,178,180,156,151,160,150,156,151,151,148,152,138,144,145,141
3928,Cabramurra Public School,8,6,SP,11,9,SP,SP,7,6,9,6,6,SP,SP,SP,SP,,,,,,
3946,Maclean Public School,239,218,221,204,195,196,184,186,188,175,190,183,177,164,153,172,183,203,217,220,203,198
3953,Waverley Public School,105,128,133,135,161,177,203,198,218,200,214,225,252,274,302,330,336,351,349,328,306,263
3973,Russell Vale Public School,315,305,306,299,287,259,247,246,247,242,233,240,243,256,270,286,291,289,279,275,263,262
3980,Cabramatta West Public School,593,583,568,579,585,609,613,599,573,607,594,563,547,575,570,537,525,511,513,493,464,477
4021,Manly Vale Public School,193,206,220,206,227,236,244,276,309,359,395,423,456,488,508,521,543,569,564,594,568,553
4121,Albion Park Rail Public School,602,582,547,527,501,500,455,406,366,350,322,324,322,348,356,364,361,378,350,340,346,346
4123,Rydalmere East Public School,161,167,156,158,165,153,168,169,170,159,172,170,172,177,195,200,181,144,130,113,98,104
4137,Bega West Public School,249,252,237,237,243,218,206,144,,,,,,,,,,,,,,
4148,Castlereagh Public School,84,85,92,82,89,95,92,85,90,89,101,109,106,111,109,106,101,107,104,112,114,126
4162,Seven Hills West Public School,387,373,361,357,343,312,330,341,341,363,401,391,380,371,339,332,312,312,313,342,333,324
4221,Loftus Public School,348,354,379,394,400,439,457,497,490,484,472,460,435,432,417,386,398,383,375,360,348,337
4246,Illaroo Road Public School,541,530,532,548,542,540,530,542,541,548,560,536,553,538,526,554,544,559,531,508,475,451
4298,Yarrawarrah Public School,185,164,149,162,149,160,167,171,183,228,265,269,283,297,295,293,266,245,249,251,245,249
4314,Harrington Street Public School,765,749,788,814,808,831,894,931,963,953,969,977,971,998,994,985,983,968,911,873,817,740
4337,Busby Public School,358,363,335,324,279,269,252,250,245,233,233,227,247,238,248,267,252,242,239,254,266,243
4339,Kingswood South Public School,299,282,287,278,267,287,268,273,261,246,263,302,293,303,319,324,320,314,314,300,295,304
4346,Wadangali Public School,147,128,137,119,119,142,139,135,120,116,139,132,145,142,142,135,141,151,165,155,152,166
4355,Smithfield West Public School,446,425,394,391,386,339,308,302,311,320,322,320,326,334,351,312,321,309,307,307,303,300
4389,Gymea North Public School,269,280,304,299,299,315,322,317,333,333,327,343,338,338,347,350,355,367,349,347,368,362
4391,Lansvale East Public School,123,131,141,134,117,106,105,102,98,104,97,110,125,156,173,178,151,137,136,129,130,117
4421,Gillwinga Public School,207,208,224,217,181,152,152,151,138,132,117,129,128,132,133,143,150,153,163,147,132,129
4423,Mount Brown Public School,495,471,436,417,376,377,367,356,355,364,370,383,369,385,357,388,396,392,382,386,361,346
4432,Mimosa Public School,242,227,228,226,252,297,344,408,429,452,470,492,521,529,509,534,530,541,539,529,517,562
4471,Winston Heights Public School,320,322,304,320,321,326,346,366,363,396,408,430,438,444,453,455,441,418,380,353,321,304
4473,Werrington Public School,402,406,393,365,381,407,427,426,405,396,370,387,393,393,437,444,464,478,480,489,516,519
4480,Bidwill Public School,454,464,492,489,452,443,430,412,396,396,368,370,360,362,339,363,360,390,397,382,399,410
4482,York Public School,394,387,353,380,407,429,471,516,523,565,559,577,578,567,550,554,552,516,504,501,482,515
4498,Minnamurra Public School,534,480,453,426,419,432,433,424,433,428,434,425,408,405,408,399,417,455,465,462,464,464
4507,Bonnet Bay Public School,145,149,140,135,121,116,107,121,108,118,140,156,174,182,190,202,212,197,195,184,192,197
4514,King Street Public School,452,472,500,485,504,474,453,447,454,435,401,384,362,364,365,360,377,371,402,431,436,433
4546,Katoomba Public School,261,266,268,275,276,253,254,247,243,244,249,260,253,279,295,281,285,270,242,211,224,210
4580,Kariong Public School,824,795,774,702,673,652,671,635,641,649,609,597,579,556,569,559,535,517,482,502,504,502
4621,Narellan Vale Public School,860,839,812,821,830,831,813,819,799,829,818,841,841,847,839,803,761,754,704,667,627,619
4641,Shell Cove Public School,,120,166,226,293,367,417,483,495,510,561,580,572,560,535,535,519,493,478,459,444,463
4648,John Palmer Public School,,,,,55,135,267,412,496,641,722,770,845,895,877,926,943,968,973,998,962,950
4657,Spring Farm Public School,,,,,,,,,,,,,96,220,356,500,588,670,777,814,856,866
4680,Googong Public School,,,,,,,,,,,,,,,,,,,,423,630,782
5109,Canterbury South Public School,177,181,187,166,161,184,187,181,194,217,231,260,265,276,287,287,258,243,242,259,258,269
5132,Russell Lea Public School,128,136,131,128,135,130,134,135,144,169,161,120,156,173,213,258,308,346,366,394,412,428
5141,Kyeemagh Public School,70,81,80,63,58,58,63,55,53,42,54,52,61,56,59,71,78,97,168,207,204,204
5148,Bardwell Park Infants School,62,66,64,65,57,54,57,57,59,62,63,60,60,57,46,30,32,24,22,31,29,33
5166,Casino West Public School,332,330,307,315,306,301,289,296,277,224,207,227,235,231,254,224,199,212,192,183,167,157
5450,John Richardson School,17,17,19,20,21,,,,,,,,,,,,,,,,,
5516,Centennial Park School,12,13,11,11,17,15,20,23,23,26,30,34,32,31,38,39,41,41,42,49,53,53
5568,Wangee Park School,30,28,27,26,30,25,26,28,28,29,25,36,48,49,48,48,46,49,48,48,52,51
5575,Cook School,SP,SP,,11,18,18,29,26,28,26,25,23,22,34,36,35,39,43,35,60,62,66
5609,Woniora Road School,16,14,12,11,18,19,20,26,27,33,41,42,40,38,39,39,39,40,42,41,40,46
5634,The Crescent School,36,40,40,42,43,40,46,59,59,57,59,68,66,65,64,73,72,83,94,89,83,77
5643,Niland School,54,51,54,49,54,50,57,55,43,61,60,62,57,39,33,31,31,36,36,39,37,34
5650,Palm Avenue School,9,12,12,12,SP,18,,,,,,,,,,,,,,,,
5768,Fernhill School,,,,,,,,,,,,,,51,82,95,105,118,130,131,129,129
7431,Newtown Public School,188,197,216,228,249,244,280,279,298,333,341,366,403,392,407,417,401,391,366,312,302,272
8115,Gosford High School,1061,1069,1057,1069,1061,1057,1077,1090,1101,1100,1097,1094,1094,1094,1068,1067,1058,1054,1059,1063,1054,1067
8126,Maitland High School,882,907,871,866,811,757,786,824,848,893,869,885,877,911,963,978,996,1039,990,936,931,958
8142,Wagga Wagga High School,901,942,958,990,1003,1000,1022,1058,1039,1020,1031,1016,1046,1075,1044,1038,988,952,961,925,865,818
8156,Leeton High School,463,457,466,498,508,495,454,456,437,434,455,471,443,430,465,467,463,464,448,414,448,458
8174,Quirindi High School,382,376,384,361,366,377,403,405,376,356,371,394,402,380,376,373,386,393,362,335,345,352
8176,Liverpool Girls High School,1020,1014,1019,1001,1027,1055,1081,1083,1065,1062,1043,1005,986,937,876,815,786,753,736,715,700,704
8215,Picton High School,1076,1089,1111,1117,1124,1177,1264,1254,1246,1240,1170,1144,1133,1122,1047,1050,1037,1079,1082,1101,1146,1182
8231,Seven Hills High School,480,515,526,517,473,445,417,412,373,379,380,349,344,322,315,307,318,379,440,451,485,480
8249,Matraville Sports High School,370,336,366,372,336,325,305,284,291,275,268,237,255,244,289,307,345,350,356,416,479,487
8292,Kariong Mountains High School,,,,,,,223,343,432,521,570,591,586,561,540,517,508,496,443,406,407,420
8360,Finley High School,529,506,529,499,483,479,490,464,434,446,426,408,404,372,359,351,343,327,316,303,300,304
8385,Greystanes High School,892,940,934,984,961,958,955,959,974,933,933,942,968,986,982,1039,1039,1034,1055,1095,1092,1090
8508,Callaghan College Waratah Campus,852,801,815,753,676,652,552,530,511,529,551,572,604,617,741,794,851,858,863,861,855,848
8517,"Denison College of Secondary Education, Kelso High Campus",693,675,702,674,708,779,816,842,810,798,794,776,788,756,759,795,808,843,832,804,802,813
8519,Warialda High School,285,290,332,383,266,237,227,210,194,200,186,190,187,181,182,166,158,161,167,173,181,199
8524,Karabar High School,910,952,905,934,952,948,1087,1081,1121,1194,1189,1163,1129,1118,1142,921,948,978,986,878,782,723
8583,Menai High School,1019,1028,1018,1054,1090,1101,1120,1128,1176,1195,1184,1213,1228,1261,1258,1277,1261,1177,1128,1087,1065,1062
8878,Bulli High School,826,852,845,873,840,820,811,803,804,788,809,822,859,870,884,920,927,955,1011,1032,1030,979
8892,Arthur Phillip High School,1202,1232,1313,1426,1480,1507,1566,1580,1562,1488,1468,1404,1384,1272,1148,1054,1113,1215,1308,1462,1537,1636
8917,Murrumbidgee Regional High School,,,,,,,,,,,,,,,,1260,1218,1150,1047,1040,,
